Facility_Name,CO2,Category
3 Bondaries Trails,420.82878612903227,medium
"Abénaquis, Parc Des",420.7349112903226,medium
"Adoncour, Parc",420.74090806451613,medium
"Adrien-Gamache, Parc",420.73563935483867,medium
"Alain-Forget, Parc",420.72035387096776,medium
"Alakazou, Parc",420.727815483871,medium
"Albert-Beausoleil, Parc",420.72293903225807,medium
Altitude Gym,420.85560387096774,medium
"Amandiers, Parc Des",420.72213258064517,medium
Ambroise-Filion,420.7782783870968,medium
Amédée-Meunier,420.77233806451613,medium
"Anastase-Forget, Parc",420.7326164516129,medium
André-Joly,420.7784006451613,medium
Anima Lumina - Illuminated Night Walk At The Zoo Sauvage St-Felicien,421.2786887096774,medium
"Arcand, Jardin",420.73560580645164,medium
"Arcand, Parc",420.7358232258064,medium
"Armand-Bruno, Parc",420.72938516129034,medium
"Armand-Racicot, Parc",420.73784451612903,medium
Artisans,420.77806709677424,medium
Aréna 2 Glaces Val-Bélair,420.8642848387097,medium
Aréna Bardy,420.84959741935484,medium
Aréna Baribeau,420.85862661290327,medium
Aréna Beaudry,420.86520467741934,medium
Aréna Camillien-Houde,420.7389803225807,medium
Aréna Campeau,420.8560338709678,medium
Aréna Cholette,420.8567270967742,medium
Aréna Collège Bishop,420.61077,medium
Aréna De Grand-Mère,420.8941743548387,medium
Aréna Duberger,420.84860741935483,medium
Aréna Eugène-Lalonde,420.62031612903223,medium
Aréna Frank-Robinson,420.8526080645162,medium
Aréna Gaétan-Duchesne,420.8491812903226,medium
Aréna Gilles-Bourassa,420.8799456451613,medium
Aréna Ivan-Dugré,420.61744870967743,medium
Aréna Jane Et Eric Molson De L'Université Bishop'S,420.60948903225807,medium
Aréna Jean-Paul-Sabourin,420.8599029032258,medium
Aréna Michel-Labadie,420.8549006451613,medium
Aréna Mont-Sainte-Anne,420.61587483870966,medium
Aréna Patrick-Poulin,420.8461364516129,medium
Aréna Paul-Et-Isabelle-Duchesnay,420.8525525806452,medium
Aréna Philippe-Bergeron,420.63494,medium
Aréna Réjean-Lemelin,420.86027064516134,medium
Aréna Stade-Pierre-Lafontaine,420.8577485483871,medium
Aréna Émile-Bédard,420.89457387096775,medium
"Asselin, Parc",420.73518548387096,medium
Avenue Du Capitaine-Veilleux,420.8821709677419,medium
Aylmer Marina,420.85383612903223,medium
Badminton Castonguay,420.72793322580645,medium
Bain Lévesque,420.7412141935484,medium
Bain Morgan,420.74372,medium
Bain Quintal,420.73995096774195,medium
Bain Schubert,420.7395138709677,medium
Bain St-Denis,420.7457816129032,medium
Bain Émard,420.7298274193548,medium
Balle-Molle Greenfield Park Ladies Softball League,420.7289164516129,medium
"Bariteau, Parc",420.7329080645161,medium
"Baronnie, Parc De La",420.73984806451614,medium
Base De Plein Air De Sainte-Foy,420.84524258064516,medium
Base De Plein Air La Découverte,420.8607841935484,medium
Basketball Mineur Les Lynx Saint-Hubert,420.72793322580645,medium
Beachclub/Plage De Pointe-Calumet,420.76105290322585,medium
"Beaujolais, Parc",420.73406516129035,medium
"Beauregard, Parc",420.7325451612903,medium
"Belcourt, Parc",420.7345229032258,medium
"Bellerive, Boisé",420.73901677419354,medium
"Bellerive, Parc",420.7389783870968,medium
Belvédère D'Almaville,420.882485483871,medium
Belvédère Lambert,420.8816567741936,medium
Belvédère Van Bruyssel,420.8849958064516,medium
"Bernard-Hubert, Parc",420.71993774193544,medium
"Berthelet, Parc",420.7343635483871,medium
Bibliothèque Lisette-Morin,420.98853483870965,medium
Bibliothèque Pascale-Parent,420.96751677419354,medium
Blainville,420.7813367741935,medium
Bloc Shop Climbing Gym,420.74701548387094,medium
"Boisjoli, Parc",420.7230512903226,medium
"Boismenu, Parc",420.7333303225806,medium
"Boisvert, Parc",420.72315322580647,medium
Boisé Des Compagnons-De-Cartier,420.8399748387097,medium
"Bourgeoys, Parc",420.7354322580645,medium
"Bourget, Parc",420.72344838709677,medium
"Brodeur, Parc",420.7230664516129,medium
Brome Lake Douglass Beach,420.6263167741935,medium
"Brébeuf, Parc-École",420.7360419354839,medium
Buckingham Golf Club,420.86311870967745,medium
Bébégym - Centre Pas-À-Pas,420.8328003225807,medium
"Bédard, Parc",420.7378593548387,medium
"Calixa-Lavallée, Parc",420.73503322580643,medium
"Campbell, Parc",420.7214803225806,medium
Camping Plage Des Sources,420.72170161290325,medium
Camping Plage Laurentides,420.86580967741935,medium
Camping Plage Paquet Inc,420.772485483871,medium
Camping Plage Robertson,421.2427270967742,medium
Camping: Plage Belley,421.22709741935483,medium
"Canon, Parc",420.72280032258067,medium
"Cantin, Parc",420.73616419354835,medium
"Capricorne, Parc",420.7324993548387,medium
"Carignan-Salières, Parc",420.7151083870968,medium
"Carillon, Parc",420.7373403225807,medium
Carrefour Accès Loisirs,420.6169693548387,medium
Carrefour Communautaire De Charlesbourg,420.8544764516129,medium
"Carrefour, Parc Du",420.72023322580645,medium
Casino De Charlevoix,420.9315612903226,medium
Casino De Mont-Tremblant,420.928544516129,medium
Casino De Montréal,420.7344696774194,medium
Casino Du Lac-Leamy,420.85473774193554,medium
Casino Lac-Leamy Sound Of Light,420.8509019354839,medium
Catherine-Bousquet,420.7804474193548,medium
"Catherine-Primot, Parc",420.73856129032254,medium
Cegep De Shawinigan,420.8889019354839,medium
"Central, Parc",420.7372209677419,medium
Centre Aquatique Lucien-Houle,420.86122709677414,medium
Centre Aquatique Paul-Pelletier,420.85214709677416,medium
Centre Aquatique Rivières-Des-Prairies,420.7642770967742,medium
Centre Communautaire,420.78694129032255,medium
Centre Communautaire Accès,420.7621067741935,medium
Centre Communautaire Amédée-Beaudoin,420.6110048387097,medium
Centre Communautaire André-Touchet,420.84859161290325,medium
Centre Communautaire Apollo,420.85883548387096,medium
Centre Communautaire Auteuil,420.77173,medium
Centre Communautaire Belmont,420.8516141935484,medium
Centre Communautaire Bigras,420.7566541935484,medium
Centre Communautaire Bisson,420.85816677419353,medium
Centre Communautaire Boileau,420.7737580645161,medium
Centre Communautaire Bon-Pasteur,420.86562612903225,medium
Centre Communautaire Bourassa,420.8555638709677,medium
Centre Communautaire Champfleury,420.7640787096774,medium
Centre Communautaire Champigny,420.8457077419355,medium
Centre Communautaire Charles-Auguste-Savard,420.8591416129033,medium
Centre Communautaire Claude-Allard,420.8422593548387,medium
Centre Communautaire D'Anger,420.85504935483874,medium
Centre Communautaire D'Anjou,420.7548129032258,medium
Centre Communautaire Daniel-Johnson,420.85948258064514,medium
Centre Communautaire Daniel-Lafortune,420.856775483871,medium
Centre Communautaire De Buckingham,420.86220709677417,medium
Centre Communautaire De Cap-Rouge,420.8379212903225,medium
Centre Communautaire De L'Est,420.7498293548387,medium
Centre Communautaire De L'Ex-Garage (C.P.A.L.),420.76125193548387,medium
Centre Communautaire De L'Ex-Garage-Municipal,420.763244516129,medium
Centre Communautaire De L'Ex-Hôtel-De-Ville,420.76144516129034,medium
Centre Communautaire De La Canadienne,420.75695,medium
Centre Communautaire De La Caserne-Des-Pompiers,420.75606967741936,medium
Centre Communautaire De La Riviera,420.85893387096775,medium
Centre Communautaire De Limbour,420.8647819354839,medium
Centre Communautaire De Loisir Sherbrooke,420.6175870967742,medium
Centre Communautaire De Lucerne-Nord,420.8659035483871,medium
Centre Communautaire De Saint-Sacrement,420.84252193548383,medium
Centre Communautaire Des Chutes,420.85116161290324,medium
Centre Communautaire Des Chênes,420.75898870967745,medium
Centre Communautaire Des Hautes-Plaines,420.86175322580647,medium
Centre Communautaire Des Jeunes-De-Sainte-Rose,420.7688838709677,medium
Centre Communautaire Des Lacasse,420.768635483871,medium
Centre Communautaire Des Trembles,420.8538248387097,medium
Centre Communautaire Desjardins,420.8536974193549,medium
Centre Communautaire Docteur-Jean-Lorrain,420.8550541935484,medium
Centre Communautaire Du Chalet-Des-Érables,420.7736612903226,medium
Centre Communautaire Du Chalet-Municipal,420.7595512903226,medium
Centre Communautaire Du Chalet-Saint-Victor,420.7569025806452,medium
Centre Communautaire Du Plateau,420.8569108064516,medium
Centre Communautaire Du Saint-Gérard,420.8615587096774,medium
Centre Communautaire Duberger,420.8474603225806,medium
Centre Communautaire Dupuis,420.85241483870965,medium
Centre Communautaire Edgar-Chénier,420.85409612903226,medium
Centre Communautaire Elgar,420.72715709677425,medium
Centre Communautaire Elzéar-Turcotte,420.8475551612903,medium
Centre Communautaire Ernest-Lattion,420.85267193548384,medium
Centre Communautaire Eugène-Sauvageau,420.85715596774196,medium
Centre Communautaire Ferland,420.8477090322581,medium
Centre Communautaire Fernand-Dufour,420.8461738709678,medium
Centre Communautaire Fontaine,420.85173419354834,medium
Centre Communautaire Frank-Robinson,420.85264096774193,medium
Centre Communautaire Front,420.85533967741935,medium
Centre Communautaire Félix-Leclerc,420.7665780645161,medium
Centre Communautaire Groulx,420.7607841935484,medium
Centre Communautaire Gérard-Pezzani,420.8597916129032,medium
Centre Communautaire J.-B.-Lafrance,420.84696935483873,medium
Centre Communautaire Jean-Guy Drolet,420.8470896774194,medium
Centre Communautaire Jean-Paul-Campeau,420.75239548387094,medium
Centre Communautaire Jolibourg,420.7577703225806,medium
Centre Communautaire Kenneth-Lloyd,420.84879387096777,medium
Centre Communautaire Larocque,420.85373419354835,medium
Centre Communautaire Laurent-Groulx,420.85557967741937,medium
Centre Communautaire Laurent-Venne,420.7788774193548,medium
Centre Communautaire Laval-Des-Rapides,420.75272193548386,medium
Centre Communautaire Laval-Ouest,420.76191774193546,medium
Centre Communautaire Le 400,420.7560838709677,medium
Centre Communautaire Le Baron,420.86066645161293,medium
Centre Communautaire Le Sorbier,420.76934,medium
Centre Communautaire Lebourgneuf,420.8544341935484,medium
Centre Communautaire Les Saules,420.8492396774194,medium
Centre Communautaire Loretteville,420.859154516129,medium
Centre Communautaire Lucien-Borne,420.84281387096775,medium
Centre Communautaire Maison Des Jeunes L'Intégrale,420.86245967741934,medium
Centre Communautaire Marchand,420.8494038709677,medium
Centre Communautaire Mgr. Marcoux,420.84865838709675,medium
Centre Communautaire Michel-Labadie,420.8549006451613,medium
Centre Communautaire Montrougeau,420.7650470967742,medium
Centre Communautaire Mères Et Monde,420.84632645161287,medium
Centre Communautaire Nazareth,420.7369406451613,medium
Centre Communautaire Notre-Dame-De-Grâce,420.7344577419355,medium
Centre Communautaire Noël-Brulart,420.84003516129036,medium
Centre Communautaire Optimiste Rock Forest,420.6158329032258,medium
Centre Communautaire Paul-Émile Beaulieu,420.87100548387093,medium
Centre Communautaire Philémon-Gascon,420.7657564516129,medium
Centre Communautaire Pierre-Garon,420.85557645161293,medium
Centre Communautaire Pointe-Au-Père,420.9947416129032,medium
Centre Communautaire Portugais Les Ami Unis,420.8515448387097,medium
Centre Communautaire Père-Arthur-Guertain,420.8542135483871,medium
Centre Communautaire Père-Arthur-Guertin,420.8541825806452,medium
Centre Communautaire Raymond-Fortin,420.7585577419355,medium
Centre Communautaire Richard-Gingras,420.626024516129,medium
Centre Communautaire Sacré-Coeur,420.9884070967742,medium
Centre Communautaire Saint-François,420.76732387096774,medium
Centre Communautaire Saint-Gérard,420.8548087096774,medium
Centre Communautaire Saint-Jean-Bosco,420.8523419354839,medium
Centre Communautaire Saint-Jean-De-Brébeuf,420.85684967741935,medium
Centre Communautaire Saint-Joseph,420.7557777419355,medium
Centre Communautaire Saint-Louis-De-Montfort,420.7565738709677,medium
Centre Communautaire Saint-Michel,420.86885322580645,medium
Centre Communautaire Saint-Noël-Chabanel,420.7665038709677,medium
Centre Communautaire Saint-Pie-X,420.9870429032258,medium
Centre Communautaire Saint-Raymond,420.8559058064516,medium
Centre Communautaire Saint-Richard,420.8587,medium
Centre Communautaire Saint-Robert,420.986315483871,medium
Centre Communautaire Saint-Rosaire,420.85683483870963,medium
Centre Communautaire Saint-Émile,420.8619629032258,medium
Centre Communautaire Sainte-Agnès Nord,420.98986838709675,medium
Centre Communautaire Sainte-Agnès Sud,420.98867161290326,medium
Centre Communautaire Sainte-Bernadette,420.8514851612903,medium
Centre Communautaire Sainte-Blandine,420.84939677419356,medium
Centre Communautaire Sainte-Dorothée,420.75623193548387,medium
Centre Communautaire Sainte-Odile,420.9863467741936,medium
Centre Communautaire Sainte-Rose,420.76906870967747,medium
Centre Communautaire Terrasse Arthur-Buies,420.9848748387097,medium
Centre Communautaire Tétreau,420.85150161290323,medium
Centre Communautaire Vimont,420.7638922580645,medium
Centre Communautaire Ymca-Saint-Roch,420.84371161290323,medium
Centre Communautaire Yvon-A.-Grégoire,420.85210193548386,medium
Centre Communautaire Ywca,420.8417958064516,medium
Centre Communautaire Édifice Victorin-Beaucage,420.8464703225806,medium
Centre Communautaire Édouard-Lavergne,420.8432116129032,medium
Centre Culturel Et Communautaire De Charlesbourg,420.8550348387096,medium
Centre Culturel Georges-Dor,420.8623748387096,medium
Centre De Découvertes Zoom Nature,420.99296999999996,medium
Centre De Glisse Myrand,420.8425977419355,medium
Centre De Loisirs Cambert,420.86075870967744,medium
Centre De Loisirs Curé-Soucy,420.98456451612907,medium
Centre De Loisirs De Saint-Sacrement,420.8425203225807,medium
Centre De Loisirs Des Trois-Saisons,420.8535161290323,medium
Centre De Loisirs Du Petit-Village,420.85193258064515,medium
Centre De Loisirs Jean-Guyon,420.8598583870968,medium
Centre De Loisirs La Cavée,420.85101419354834,medium
Centre De Loisirs La Ribambelle,420.856845483871,medium
Centre De Loisirs La Sablière,420.8592180645161,medium
Centre De Loisirs Monseigneur-De-Laval,420.85029129032256,medium
Centre De Loisirs Montcalm,420.84207129032256,medium
Centre De Loisirs Notre-Dame-De-Foy,420.8423535483871,medium
Centre De Loisirs Odilon-Blanchette,420.8518738709678,medium
Centre De Loisirs Pavillon Royal,420.8503212903226,medium
Centre De Loisirs Pie-Xii,420.8397858064516,medium
Centre De Loisirs Provancher,420.83904322580645,medium
Centre De Loisirs Saint-Ange,420.84603645161286,medium
Centre De Loisirs Saint-Jean-Baptiste-De La Salle,420.84266935483873,medium
Centre De Loisirs Saint-Louis-De-France,420.8371361290323,medium
Centre De Loisirs Saint-Mathieu,420.8399451612903,medium
Centre De Loisirs Saint-Thomas-D'Aquin,420.84140064516134,medium
Centre De Loisirs Sainte-Geneviève,420.84259451612905,medium
Centre De Loisirs Sainte-Gertrude,420.8525593548387,medium
Centre De Loisirs Sainte-Ursule,420.8381783870968,medium
Centre De Loisirs Ulric-Turcotte,420.8537429032258,medium
Centre De Plein Air De Beauport (Camping Municipal De Beauport),420.8570667741935,medium
Centre Deblois,420.8500293548387,medium
Centre Des Arts,420.88766,medium
Centre Du Plateau,420.743384516129,medium
Centre Du Sablon,420.75351806451613,medium
Centre Gervais Auto (Amphithéâtre Municipal),420.8852198387097,medium
Centre Julien-Ducharme (Aréna),420.62166161290327,medium
Centre Municipal De Curling,420.89408483870966,medium
Centre Musical Uni-Son De Sillery,420.8401048387097,medium
Centre Rosemont,420.7447464516129,medium
Centre Récréatif De Rock Forest (Aréna),420.61909806451615,medium
Centre Sportif Alexis-Bérubé,420.85016,medium
Centre Sportif Côte-Des-Neiges,420.7388019354839,medium
Centre Sportif De Buckingham,420.8618827419355,medium
Centre Sportif De Gatineau,420.8587496774194,medium
Centre Sportif De Notre-Dame-De-Grâce,420.73390806451613,medium
Centre Sportif De Sainte-Foy,420.8403235483871,medium
Centre Sportif Honoré-Mercier,420.76740483870964,medium
Centre Sportif Josée-Faucher,420.75295870967744,medium
Centre Sportif Marc-Simoneau,420.8521025806452,medium
Centre Sportif Marcel-Bédard,420.85011612903224,medium
Centre Sportif Petite-Bourgogne,420.7339048387097,medium
Centre Sportif Père-Marquette,420.7461309677419,medium
Centre Sportif Robert-Rochon,420.8540979032258,medium
Centre Sportif St-Charles,420.7320512903226,medium
Centre-Ville,420.8835558064516,medium
"Cerf, Jardin Du",420.7392209677419,medium
Chalet De Services De La Piscine,420.8614364516129,medium
Chalet De Services De La Piscine Du Parc Maria-Goretti,420.8548867741936,medium
Chalet De Services De La Piscine Du Parc Maurice-Dorion,420.8568819354839,medium
Chalet De Services De La Piscine Du Parc Maurice-Lortie,420.85185064516133,medium
Chalet De Services De La Piscine Guillaume-Mathieu,420.8575774193548,medium
Chalet De Services De La Piscine Saint-Jérôme,420.8537387096774,medium
Chalet De Services De La Piscine Terrasse Bon-Air,420.8535045161291,medium
Chalet De Services Du Tennis,420.8613264516129,medium
Challenge Casino De Charlevoix,420.9491412903226,medium
Chamberland,420.77872838709675,medium
"Chamonix, Parc",420.7283364516129,medium
Champigny,420.77202612903227,medium
"Champlain, Parc",420.7324029032258,medium
"Champvert, Parc",420.73286322580645,medium
Chante-Bois,420.7882493548387,medium
"Charbonneau, Parc",420.7421112903226,medium
Charles-De Gaulle,420.7724570967742,medium
Charlevoix's Flavour Trail,420.9377058064516,medium
Chemin De Sainte-Flore,420.9024211902114,medium
"Cherbourg, Parc",420.7283983870968,medium
"Christ-Roi, Parc",420.73173806451615,medium
"Châtelet, Parc",420.73282290322584,medium
Circuits Frontières And Neil Tillotson Hiking Trails,420.5724938709678,medium
"Cité, Parc De La",420.7238448387096,medium
Classique Rdv Hockey Senior Région De Thetford,420.7126374193548,medium
Claude-Henri-Grignon,420.7874906451613,medium
Claudel,420.77899580645163,medium
Club De Curling Laval-Sur-Le-Lac,420.7590574193548,medium
Club De Golf A.R.C.N.,421.5170429032258,medium
Club De Golf Algonquin,421.0279470967742,medium
Club De Golf Alpin,420.87643741935483,medium
Club De Golf Atlantide,420.73067967741935,medium
Club De Golf Base De Roc,420.8164887096774,medium
Club De Golf Beaurivage,420.8167016129032,medium
Club De Golf Bel-Air,420.7860867741935,medium
Club De Golf Boule Rock,420.9971222580645,medium
Club De Golf Buckingham,420.86331677419355,medium
Club De Golf Canton,420.7246806451613,medium
Club De Golf Carleton-Sur-Mer,420.7714306451613,medium
Club De Golf Champlain,420.8516525806451,medium
Club De Golf Chandler,420.7303283870968,medium
Club De Golf Château Cartier,420.85165774193547,medium
Club De Golf Coopératif Lac Etchemin,420.72597903225807,medium
Club De Golf D'Acton Vale,420.704395483871,medium
Club De Golf De Baie-Comeau,421.11381161290325,medium
Club De Golf De Beauceville,420.71121741935485,medium
Club De Golf De Berthier,420.8143580645161,medium
Club De Golf De Bic,420.98638161290324,medium
Club De Golf De Cacouna,420.94919612903226,medium
Club De Golf De Chibougamau-Chapais,421.6266641935484,medium
Club De Golf De Coaticook,420.5680790322581,medium
Club De Golf De Crabtree,420.82235935483874,medium
Club De Golf De Farnham,420.65768032258063,medium
Club De Golf De L'Auberivière,420.83081258064516,medium
Club De Golf De L'Île De Montréal,420.7663541935484,medium
Club De Golf De La Presqu'Île,420.78743225806454,medium
Club De Golf De La Vallée Des Forts,420.6782380645161,medium
Club De Golf De Rivière-Du-Loup,420.9322322580645,medium
Club De Golf De Rivière-Hâtée,420.9851187096774,medium
Club De Golf De Valcourt,420.65914,medium
Club De Golf De Victoriaville,420.7409348387097,medium
Club De Golf Des Bois-Francs,420.772745483871,medium
Club De Golf Des Pins,420.8799490322581,medium
Club De Golf Donnacona,420.84802903225807,medium
Club De Golf Du Mont Adstock,420.69202161290326,medium
Club De Golf Du Mont-Orford,420.6216777419355,medium
Club De Golf Du Moulin,420.8471322580645,medium
Club De Golf Du Parc Kingsway,420.86802677419354,medium
Club De Golf Duparquet,421.65255225806453,medium
Club De Golf East Angus Inc.,420.62014193548384,medium
Club De Golf Et Curling De Drummondville,420.7463641935484,medium
Club De Golf Et Curling La Tuque 2008 Inc.,421.0576016129032,medium
Club De Golf Et De Curling De Thetford Mines,420.7112880645161,medium
Club De Golf Fauvel,420.7127632258065,medium
Club De Golf Fort Prével,420.7708867741935,medium
Club De Golf Gatineau,420.85378032258063,medium
Club De Golf Glendale,420.7847664516129,medium
Club De Golf Godefroy,420.8257967741936,medium
Club De Golf Granby Saint-Paul,420.67645258064516,medium
Club De Golf Harwood,420.7596209677419,medium
Club De Golf Hériot,420.72504483870966,medium
Club De Golf International 2000,420.64785774193547,medium
Club De Golf Joliette,420.8313403225806,medium
Club De Golf L'Albatros,420.84822129032256,medium
Club De Golf L'Empress,420.99395870967743,medium
Club De Golf L'Oiselet D'Amos,421.59107548387095,medium
Club De Golf La Madeleine,420.7283864516129,medium
Club De Golf La Vallée Du Rêve,420.9056909677419,medium
Club De Golf Lac Sergent,420.89380903225805,medium
Club De Golf Lac-Mégantic,420.5741248387097,medium
Club De Golf Lac-Saint-Jean,421.2085225806452,medium
Club De Golf Laurier,420.7503267741936,medium
Club De Golf Le Blainvillier,420.793214516129,medium
Club De Golf Le Fontainebleau,420.78062741935486,medium
Club De Golf Le Gaspésien,420.9900070967742,medium
Club De Golf Le Montmorency,420.85464612903223,medium
Club De Golf Le Mémorial,420.8820019354839,medium
Club De Golf Le Parcours Du Cerf,420.74006806451615,medium
Club De Golf Le Ricochet Chicoutimi,421.1366577419355,medium
Club De Golf Le Sommet,421.01804838709677,medium
Club De Golf Le Sorcier,420.863774516129,medium
Club De Golf Les Arpents Verts,420.7367187096774,medium
Club De Golf Les Cèdres,420.65894467741936,medium
Club De Golf Les Légendes,420.69790516129035,medium
Club De Golf Les Patriotes,420.79296903225804,medium
Club De Golf Les Ruisseaux,420.90731903225804,medium
Club De Golf Les Saules,420.9852712903226,medium
Club De Golf Les Vieilles Forges,420.84921129032256,medium
Club De Golf Links O'Loup De Louiseville,420.8462412903226,medium
Club De Golf Lorette,420.8611322580645,medium
Club De Golf Lotbinière,420.8062529032258,medium
Club De Golf Lévis,420.83810516129034,medium
Club De Golf Masson-Angers,420.8546587096774,medium
Club De Golf Meadowbrook,420.7339880645161,medium
Club De Golf Milby,420.60250903225807,medium
Club De Golf Miner,420.6672919354839,medium
Club De Golf Mirabel,420.79542967741935,medium
Club De Golf Mont-Gabriel,420.8501012903226,medium
Club De Golf Mont-Saint-Grégoire,420.6877722580645,medium
Club De Golf Montcalm,420.8375993548387,medium
Club De Golf Montmagny,420.82706548387097,medium
Club De Golf Monty,420.7256822580645,medium
Club De Golf Murray Bay,420.93564612903225,medium
Club De Golf Métropolitain,420.8538670967742,medium
Club De Golf New Glasgow,420.81887322580644,medium
Club De Golf Orléans,420.8447812903226,medium
Club De Golf Ormstown,420.68636032258064,medium
Club De Golf Plessisville,420.77014322580646,medium
Club De Golf Pointe-Du-Lac,420.83195129032254,medium
Club De Golf Pont-Rouge,420.8583580645161,medium
Club De Golf Quévillon,421.6203306451613,medium
Club De Golf Rivière Rouge,420.74160774193547,medium
Club De Golf Royal Charbourg,420.8737529032258,medium
Club De Golf Royal Estrie,420.69033709677416,medium
Club De Golf Royal Laurentien,420.90051,medium
Club De Golf Saint-Anicet,420.7233351612903,medium
Club De Golf Saint-Benjamin,420.7039741935484,medium
Club De Golf Saint-Césaire,420.68765838709675,medium
Club De Golf Saint-Georges,420.6879654838709,medium
Club De Golf Saint-Janvier,420.7956648387097,medium
Club De Golf Saint-Jérôme,420.83488870967744,medium
Club De Golf Saint-Lambert,420.7325677419355,medium
Club De Golf Saint-Michel,420.8317051612903,medium
Club De Golf Saint-Michel-Des-Saints,420.97993483870965,medium
Club De Golf Saint-Pacôme,420.8798848387097,medium
Club De Golf Saint-Rémi,420.9246035483871,medium
Club De Golf Saint-Simon,420.72638354838705,medium
Club De Golf Sherbrooke,420.6230606451613,medium
Club De Golf Sorel-Tracy Les Dunes,420.80390903225805,medium
Club De Golf Tecumseh,420.85648387096774,medium
Club De Golf Touraine,420.8688408064516,medium
Club De Golf Triangle D'Or,420.69922096774195,medium
Club De Golf Trois-Saumons,420.85294516129034,medium
Club De Golf Trout River,420.6994870967742,medium
Club De Golf Val-Morin,420.86566064516126,medium
Club De Golf Valleyfield,420.73284483870964,medium
Club De Golf Vaudreuil,420.73713483870966,medium
Club De Golf Vieux Moulins,420.8586929032258,medium
Club De Golf Waterville,420.5975419354839,medium
Club De Soccer De Longueuil Inc.,420.8611322580645,medium
Colbert,420.7805593548387,medium
"Colibris, Jardin Des",420.74100967741936,medium
Collège Saint-Alexandre,420.8646519354839,medium
Collège Saint-Alexandre De La Gatineau,420.8650025806452,medium
Complexe Aquatique - Société Du Parc Jean-Drapeau,420.736329032258,medium
Complexe Sportif Claude-Robillard,420.7494177419355,medium
Complexe Sportif De Shawinigan,420.8899495483871,medium
Complexe Sportif Du Domaine-Laflèche,420.8959338709678,medium
Complexe Sportif Du Mont-Bleu,420.8604335483871,medium
Complexe Sportif Gadbois,420.7317651612903,medium
Coopérative,420.7702183870968,medium
Corridor De La Vigne,420.8651170967742,medium
Coulombe-Saint-Marcoux,420.7859341935484,medium
Cvc Lanaudière - Club De Golf Saint-Jean-De-Matha,420.8853964516129,medium
D'Alençon,420.7896741935484,medium
D'Amos,420.7803451612903,medium
"D.E. Joyal, Parc",420.7305970967742,medium
"Daniel-Johnson, Parc",420.7240354838709,medium
"Davidson-Lavoie, Parc",420.72431322580644,medium
De L'Aquarelle,420.7921032258065,medium
De L'Armistice,420.78893258064517,medium
De La Louisiane,420.74841838709676,medium
De La Renaissance,420.77806838709677,medium
De La Seigneurie,420.7868141935484,medium
De La Sentinelle,420.78935709677415,medium
De Montauban,420.78090967741934,medium
De Montmartre,420.78113677419356,medium
Delacroix,420.7788496774194,medium
"Denis-Vanier, Parc",420.7388219354839,medium
Des As,420.79348903225804,medium
Des Bolivars,420.79222483870967,medium
Des Capucines,420.78374451612905,medium
Des Chanterelles,420.7800206451613,medium
Des Hirondelles,420.78813,medium
Des Liserons,420.7834677419355,medium
Des Mélèzes,420.7870893548387,medium
"Des Ormeaux, Parc",420.735105483871,medium
"Des Pâquerettes, Parc",420.72180806451615,medium
Des Ramilles,420.7860212903226,medium
Des Semailles,420.78879419354837,medium
Des Violettes,420.7844167741935,medium
"Desaulniers, Jardin",420.73690258064516,medium
Deschamps,420.77138322580646,medium
"Desmarteau, Parc",420.73473322580645,medium
Desrosiers,420.77982709677417,medium
Domaine De Maizerets,420.8474435483871,medium
Domaine Fairview,420.8553664516129,medium
"Doris-Lussier, Parc",420.73734193548387,medium
"Drapeau, Parc",420.7329664516129,medium
Du Plateau Saint-Louis,420.78039322580645,medium
Du Ruisseau,420.77776741935486,medium
"Du Tremblay, Boisé",420.7353074193548,medium
Du Voltigeur,420.7911141935484,medium
Dubreuil,420.7776193548387,medium
"Dubuisson, Parc",420.7321696774194,medium
Dunnderosa Golf Club,420.8694458064516,medium
Ecole Primaire Eardley,420.85339612903226,medium
Ecomuseum Zoo,420.74440999999996,medium
"Empire, Parc",420.73004838709676,medium
Entramis,420.77640483870965,medium
Espace Vert,420.89395946236556,medium
Espace Vert Aldred,420.88853677419354,medium
Espace Vert Alfred-Desrochers,420.8758093548387,medium
Espace Vert Augustin-Lambert,420.8876109677419,medium
Espace Vert Bellefeuille,420.8949241935484,medium
Espace Vert De La Carrière,420.8970932258065,medium
Espace Vert De Vimy,420.88996645161285,medium
Espace Vert Eymard,420.8879306451613,medium
Espace Vert Guillemette,420.89123548387096,medium
Espace Vert Hamilton,420.8839458064516,medium
Espace Vert Hôtel De Ville,420.8840038709677,medium
Espace Vert Notre-Dame,420.8865680645161,medium
Espace Vert Place Richelieu,420.87876548387095,medium
Espace Vert Summit,420.88590774193545,medium
Esterel Golf Club,420.87774129032255,medium
"Fairfield, Parc-École",420.72849903225807,medium
Fairmont Le Château Montebello Golf Club,420.84633838709675,medium
"Faubourg, Boisé Du",420.7202932258064,medium
"Fauvettes, Parc Des",420.74161129032257,medium
"Fernand-Bouffard, Parc",420.73599516129036,medium
Festi-Plage De Cap-D'Espoir,420.7637777419355,medium
Festival Gymkhana De Falardeau,421.1792341935484,medium
"Flore, Parc De La",420.7268587096774,medium
Fondation Tennis Jeunesse Rive-Sud,420.73304258064513,medium
"Fonrouge, Parc",420.7317877419355,medium
Fontainebleau,420.7795235483871,medium
"Franchère, Parc",420.73813548387096,medium
Frontenac,420.78086806451614,medium
Frédéric-Coiteux,420.7795883870968,medium
Félix-Leclerc,420.7865606451613,medium
Gabriel-Lalemant,420.75304322580644,medium
"Gardenville, Parc",420.7367793548387,medium
"Gaétan-Baillargeon, Parc",420.7396229032258,medium
"Geais-Bleus, Parc Des",420.73925,medium
"Gentilly Est, Parc",420.7361025806452,medium
"Gentilly Ouest, Parc",420.7352396774193,medium
"Georges-Dor, Parc",420.7363587096774,medium
"Georges-Touten, Parc",420.73944322580644,medium
Georges-Vernot,420.75096806451614,medium
"Gerry-Boulet, Parc",420.73729032258063,medium
"Gilles-Latulippe, Parc",420.73797645161295,medium
"Glaïeuls, Parc Des",420.72235774193547,medium
Golf De Grand Mere,420.8955641935484,medium
Golf De Grand Mère,420.89775215053766,medium
Grand-Manitou,420.7807961290323,medium
Grande-Paix,420.7803638709678,medium
"Gray, Parc",420.74025322580644,medium
Gymnase François-Borgia,420.8554174193548,medium
Gymélites Gymnastique Et Trampoline,420.86056096774195,medium
"Génération, Parc",420.7310358064516,medium
"Gérard-Carmel, Parc",420.72615548387097,medium
"Gérard-Fillion, Parc-École",420.7331161290323,medium
"Gérard-Philipps, Parc",420.7285158064516,medium
"Hector-Martin, Parc",420.72808612903225,medium
"Henri-Cyr, Parc",420.7253922580645,medium
Henri-Dunant,420.78525806451614,medium
"Hirondelles, Parc Des",420.7411303225806,medium
Hochelaga,420.74207451612904,medium
"Iellamo, Parc",420.7263067741935,medium
"Immaculée-Conception, Parc",420.72575741935486,medium
International Appalachian Trail - Québec Gr A1 (Iat-Qc),421.00298774193544,medium
"Isodore-Hurteau, Carré",420.7389425806452,medium
Jacques-Cartier Marina,420.8510177419355,medium
"Jacques-Cartier, Parc",420.7319116129032,medium
"Jacques-Rousseau, Parc-École",420.73823451612907,medium
Jacques-Viger,420.78618193548385,medium
"Jean Xxiii, Parc",420.72872193548386,medium
"Jean-Baptiste-Le Moyne-De-Bienville,Parc",420.719744516129,medium
Jean-Baptiste-Meilleur,420.77613419354833,medium
Jean-Claude-Crevier,420.7788119354839,medium
Jean-Claude-Malépart,420.74123032258063,medium
"Jean-De-Lalande, Parc",420.73560580645164,medium
Jean-Duceppe,420.77926483870965,medium
"Jean-Jacques-Bertrand, Parc",420.72836451612903,medium
"Jean-Louis, Parc",420.74364258064514,medium
"Jean-Pierre-Côté, Parc",420.7388535483871,medium
Jeux D'Eau De L'Estre,420.74527096774193,medium
Jeux D'Eau Des Hirondelles,420.75387387096777,medium
Jeux D'Eau Howard,420.7464293548387,medium
Jeux D'Eau Saint-Alphonse,420.7489,medium
Jeux D'Eau Saint-Jacques,420.73466548387097,medium
Jeux D'Eau St-André-Apôtre,420.7503019354839,medium
Jeux D'Eau St-Benoit,420.74910516129034,medium
Jeux D'Eau St-Simon-Apôtre,420.7479048387097,medium
"Joseph-Antonio-Mantha, Parc",420.7236183870968,medium
Joseph-Charbonneau,420.7483619354839,medium
"Joseph-De-Sérigny, Parc",420.7377819354839,medium
Joseph-Masson,420.78435806451614,medium
"Joseph-Paré, Parc",420.7303932258065,medium
"Joseph-William-Gendron, Parc",420.7302729032258,medium
"Jovette-Bernier, Parc",420.7387970967742,medium
"Jubilee, Parc",420.7272458064516,medium
"Jules-Moulin, Parc",420.7306825806451,medium
"Julien-Lord, Parc",420.7316809677419,medium
Juneau,420.7738709677419,medium
Kitchissipi Marina,420.85523903225805,medium
L'Aquadôme Lasalle,420.7272712903226,medium
"La Fayette, Jardin",420.7341987096774,medium
Lac Beauport Skating Rink,420.87344709677416,medium
Lachapelle,420.77576645161287,medium
Lachute Golf Club,420.8081287096774,medium
"Laflamme, Parc",420.7331577419355,medium
Laforest,420.77098032258067,medium
Lajoie,420.7731341935484,medium
Langelier,420.77400516129035,medium
Larochelle,420.7741393548387,medium
"Laurier, Parc",420.73655838709675,medium
Laverdière,420.77756967741936,medium
"Laviolette, Parc",420.73918935483874,medium
Le Club De Gymnastique Gym-Richelieu,420.72793322580645,medium
Le Gardeur,420.76982387096774,medium
"Le Marquis, Parc",420.72966,medium
"Le Moyne, Parc",420.7402135483871,medium
Le Petit Gym St-Laurent,420.74556064516133,medium
Le Sorcier Golf Club,420.8661370967742,medium
Le Sorcier Golf Course,420.8665829032258,medium
"Lecavalier, Parc",420.7351067741935,medium
Les Tennis De Rimouski,420.985594516129,medium
Lighthouse Trail,420.93893225806454,medium
"Lincourt, Parc",420.73647612903227,medium
"Lionel-Groulx, Parc",420.7341241935484,medium
Loisir Fleuri-Est,420.61777419354837,medium
"Louis-Brosseau, Parc",420.7255293548387,medium
Louis-Fréchette,420.7761851612903,medium
"Louis-Olivier-Taillon, Parc",420.7248629032258,medium
Lucien-Gauthier,420.775765483871,medium
"Lucien-Milette, Parc",420.7270896774193,medium
"Lucien-Tapin, Parc",420.73015967741935,medium
"Lyon, Parc De",420.73267516129033,medium
"Légionnaires, Parc Commémoratif Des",420.725095483871,medium
"Léo-Ayotte, Parc",420.7395916129032,medium
"Léo-Major, Parc",420.7363929032258,medium
Léon-Provencher,420.74677483870965,medium
"Mainville, Parc",420.72657612903225,medium
Maison Belle-Eau,420.8591738709677,medium
Maison Culturelle Et Communautaire De Montréal-Nord,420.76004516129035,medium
Maison Des Jeunes De Sillery,420.8401048387097,medium
Maison Des Jeunes L'Ambassade,420.8709987096774,medium
Maison Des Jeunes L'Escapade,420.86442612903227,medium
Maison Des Jeunes La Symbiose De Cap-Rouge,420.8408874193549,medium
Maison Lamontagne,420.9930116129032,medium
Maison Rondeau,420.850475483871,medium
Maisonneuve,420.7440870967742,medium
"Maple, Parc",420.7396035483871,medium
Marc-Aurèle-Fortin,420.7904483870968,medium
"Marcel-Simard, Parc",420.7259312903226,medium
Marcelin-Wilson,420.7495022580645,medium
"Marie-Josée-Vandette, Parc",420.7270896774193,medium
Marie-Soleil-Tougas,420.77982806451615,medium
Marie-Victorin,420.78350838709673,medium
"Marie-Victorin, Parc",420.74035096774196,medium
Marina D'Aylmer,420.85374870967746,medium
Marina De Hull,420.8512890322581,medium
Marina Et Havre Du Bic,420.9310241935484,medium
Marina Kitchissipi De Gatineau,420.8554148387097,medium
Marina Saint-Roch,420.84491612903224,medium
"Marquette, Parc",420.7335141935484,medium
"Marquis-De-Montcalm, Parc",420.7370135483871,medium
"Martinets, Parc Des",420.7404658064516,medium
"Maréchal, Parc",420.7328119354839,medium
"Masson, Parc",420.73226419354836,medium
Maurice-Richard,420.77997322580643,medium
Maurice-Tessier A,420.7873041935484,medium
Maurice-Tessier B,420.78657387096774,medium
Maurice-Tessier C,420.7870529032258,medium
"Mazenod, Parc",420.734094516129,medium
"Merisiers, Parc Des",420.72667548387096,medium
"Meunier, Parc",420.72699741935486,medium
"Mgr.-A.-M.-Parent, Parc-École",420.7279774193549,medium
"Michel-Chartrand, Parc",420.7389135483871,medium
Miller Zoo,420.76359161290327,medium
Moissons,420.77807548387096,medium
"Monarques, Parc Des",420.73393903225804,medium
"Monique-Gervais, Parc",420.72656903225806,medium
Monsieur Reptile Zoo,420.83627870967746,medium
Mont Habitant Beach,420.84368774193547,medium
Montcalm,420.7742309677419,medium
"Montmorency, Jardin",420.732455483871,medium
Montréal Old Port Skating Rink,420.73630935483874,medium
"Moreau, Parc",420.72780387096776,medium
Motel Casino,420.85387000000003,medium
Moulin,420.7775919354839,medium
"Multi-Sports, Centre",420.7370051612903,medium
"Murphy, Parc",420.7212238709677,medium
"Médicis, Jardin De",420.7351138709677,medium
"Mégantic, Parc",420.72663774193546,medium
"Mûriers, Parc Des",420.72637709677423,medium
Natatorium De Verdun,420.72693935483875,medium
National Trail In Quebec,420.7351887096774,medium
"Newhaven, Parc",420.73655258064514,medium
Nicolas-Cusson,420.7798193548387,medium
"Normandie, Parc De",420.73931935483876,medium
Norway Bay Golf Club,420.90720774193545,medium
Notre-Dame-De-L'Assomption,420.7865622580645,medium
Notre-Dame-Des-Sables,420.7772603225806,medium
Oka Golf Club,420.7611964516129,medium
Old Chelsea Square Ice Rink,420.8700087096774,medium
Olivier-Robert,420.7399077419355,medium
Osisko Lake Ice Rink,421.58804225806455,medium
Ovila-Légaré,420.75379258064515,medium
"Pacific, Parc",420.7162490322581,medium
Packington Municipal Beach,420.81212645161287,medium
Paix,420.7770316129032,medium
Parc Achbar,420.85648612903225,medium
Parc Adrien-Cambron,420.6197135483871,medium
Parc Adélard-Poirier,420.76129032258063,medium
Parc Agricole Du Bois-De-La-Roche,420.74818193548384,medium
Parc Albany-Charest,420.6216477419355,medium
Parc Alexander-Clark-Ross,420.61891967741934,medium
Parc Alexis-Carrel,420.7632906451613,medium
Parc Alexis-Nihon,420.7427632258064,medium
Parc Alfred-Demers,420.61780967741936,medium
Parc Alfred-Élie-Dufresne,420.61776677419357,medium
Parc Alguéric-Bussière,420.61683032258065,medium
Parc Allen,420.8523493548387,medium
Parc Alpha-Leblanc,420.7596574193548,medium
Parc Alphonse-Desaulniers,420.8945870967742,medium
Parc Alphonse-Dutil,420.8563893548387,medium
Parc Alphonse-Trépanier,420.89301064516127,medium
Parc Alphonse-Télesphore-Lépine,420.74202516129037,medium
Parc Andrew-Sangster,420.6172267741935,medium
Parc André-Huard,420.89617612903226,medium
Parc André-Laurendeau,420.7547406451613,medium
Parc André-Nault,420.624635483871,medium
Parc André-Viger,420.6241316129032,medium
Parc André-Yvon-Perreault,420.89077129032256,medium
Parc Angrignon,420.7279519354839,medium
Parc Ann-Malcolm,420.61973677419354,medium
Parc Annette-Charest,420.61509193548386,medium
Parc Antoine-Racine,420.6181254838709,medium
Parc Antoine-St-Onge,420.88742096774195,medium
Parc Antoinette-Guinebretière,420.6222629032258,medium
Parc Antonio-Barrette,420.62108483870963,medium
Parc Antonio-Montour,420.61803032258064,medium
Parc Apollinaire-Dion,420.6196148387097,medium
Parc Apollo,420.85883064516133,medium
Parc Aquamarine,420.85142709677416,medium
Parc Armand-Duplessis,420.61590064516133,medium
Parc Arsène-Goyette,420.6157032258065,medium
Parc Arthur-Buies,420.6239006451613,medium
Parc Arthur-Lessard,420.77031387096775,medium
Parc Arthur-Tardif,420.6230216129032,medium
Parc Arthur-Therrien,420.72693935483875,medium
Parc Atto-Beaver,420.61234516129036,medium
Parc Avenue Des Pluviers,420.99297064516134,medium
Parc Avenue Louis-Hébert,420.9968238709678,medium
Parc Avenue Sirois,420.9845048387097,medium
Parc Aydelu,420.85282338709675,medium
Parc Baker,420.85107935483876,medium
Parc Baldwin,420.7418616129032,medium
Parc Baron,420.7734232258064,medium
Parc Beaubien,420.746834516129,medium
Parc Beauchampville,420.85885462365593,medium
Parc Beauclerk,420.7475770967742,medium
Parc Beaulac,420.7459916129032,medium
Parc Beaulieu,420.6190306451613,medium
Parc Beaumont,420.8641761290323,medium
Parc Beauséjour,420.9867887096774,medium
Parc Beauvais,420.86057000000005,medium
Parc Belgoville,420.8861748387097,medium
Parc Bellehumeur,420.7747009677419,medium
Parc Bellevue,420.89101032258066,medium
Parc Belmont,420.7921773387097,medium
Parc Belvédère,420.61412548387096,medium
Parc Benjamin-Dion,420.756925483871,medium
Parc Benny,420.73390806451613,medium
Parc Bernard-Langevin,420.7555825806451,medium
Parc Berthiaume,420.8566003225806,medium
Parc Berthiaume-Du Tremblay,420.7520906451613,medium
Parc Bibeau,420.6167987096774,medium
Parc Bienville,420.7754367741935,medium
Parc Biermans,420.7515780645161,medium
Parc Bigras,420.7566541935484,medium
Parc Binet,420.7545958064516,medium
Parc Bisson,420.85830387096775,medium
Parc Bizet,420.75956,medium
Parc Bocage,420.7515396774194,medium
Parc Bois-De-Boulogne,420.75752516129035,medium
Parc Boisvert,420.8788370967742,medium
Parc Boivin,420.7257693548387,medium
Parc Bon-Pasteur,420.75318032258065,medium
Parc Borduas,420.76360999999997,medium
Parc Bourbonnière,420.7444277419355,medium
Parc Bourgeau,420.85494548387095,medium
Parc Bousquet,420.75804741935485,medium
Parc Broad,420.8535296774193,medium
Parc Broadway,420.85751258064516,medium
Parc Brooks,420.61751483870967,medium
Parc Brousseau,420.75933838709676,medium
Parc Brébeuf,420.8509912903226,medium
Parc Bureau,420.6160806451613,medium
Parc Buteau,420.75889548387096,medium
Parc Bélair,420.7475064516129,medium
Parc Bélisle,420.85765387096774,medium
Parc Campbell-Centre,420.7343458064516,medium
Parc Campbell-Ouest,420.7299877419355,medium
Parc Campeau,420.75287612903224,medium
Parc Canin De La Pente-Douce,420.8428416129032,medium
Parc Canin De La Pointe-Aux-Lièvres,420.84634548387095,medium
Parc Canin Des Rossignols,420.76311258064516,medium
Parc Canin Falco,420.75419774193546,medium
Parc Canin Haut-Saint-François,420.7659412903226,medium
Parc Carignan,420.7340729032258,medium
Parc Carmen-Savoie,420.62135548387096,medium
Parc Caron,420.62249129032256,medium
Parc Carrie-Derick,420.6230432258065,medium
Parc Cartier,420.7535635483871,medium
Parc Cendrillon,420.8935667741936,medium
Parc Centennial,420.6115232258065,medium
Parc Central,420.7773549462365,medium
Parc Chabrier,420.75694741935484,medium
Parc Chahoon,420.89399645161285,medium
Parc Chalifoux,420.8615683870968,medium
Parc Chamberland,420.7436109677419,medium
Parc Champagne,420.85219,medium
Parc Champdoré,420.7522580645161,medium
Parc Champenois,420.76625451612904,medium
Parc Champfleury,420.7640787096774,medium
Parc Charland,420.63426516129033,medium
Parc Charleroi,420.7570296774193,medium
Parc Charles-Émile-Gadbois,420.6185661290323,medium
Parc Chopin,420.7585212903226,medium
Parc Christos-Karigiannis,420.7538993548387,medium
Parc Chénier,420.8046451612903,medium
Parc Cité-Jardin,420.74832838709676,medium
Parc Civic,420.6109835483871,medium
Parc Claire-Guillemette-Lamirande,420.61319612903225,medium
Parc Clark,420.74303032258064,medium
Parc Claude-Rioux,420.8551351612903,medium
Parc Clichy,420.7596812903226,medium
Parc Collin,420.76194967741935,medium
Parc Collège Laval,420.76150870967746,medium
Parc Collège Letendre,420.75592,medium
Parc Cooney,420.7287096774194,medium
Parc Coubertin,420.7536451612903,medium
Parc Couturier,420.62226161290323,medium
Parc Couvrette,420.7541148387097,medium
Parc Crevier,420.753194516129,medium
Parc Curé Albert-Arnold,420.72879419354837,medium
Parc Curé-Coursol,420.75973741935485,medium
Parc D'Alexandrie,420.7675909677419,medium
Parc D'Amboise,420.61527677419355,medium
Parc D'Arcy-Bennett,420.61244935483876,medium
Parc D'Argenson,420.75806064516127,medium
Parc D'Oxford,420.6113103225806,medium
Parc Dalida,420.76238806451613,medium
Parc Dalmany,420.72905387096773,medium
Parc Damien-Cyr,420.7690390322581,medium
Parc Daniel-Johnson,420.8594319354839,medium
Parc De Bagatelle,420.75687645161287,medium
Parc De Beauchampville,420.8588212903226,medium
Parc De Beauvoir,420.62309419354835,medium
Parc De Blainville,420.86056096774195,medium
Parc De Boisbriand,420.86176096774193,medium
Parc De Brest,420.75778129032255,medium
Parc De Brignoles,420.86154903225804,medium
Parc De Brétigny,420.7653074193548,medium
Parc De Bucarest,420.76525193548383,medium
Parc De Calvi,420.7663377419355,medium
Parc De Canadel,420.8624158064516,medium
Parc De Candiac,420.859974516129,medium
Parc De Castillou,420.8630541935484,medium
Parc De Champagne,420.85212677419355,medium
Parc De Charette,420.6184187096774,medium
Parc De Chevillon,420.75726967741934,medium
Parc De Cluny,420.7545693548387,medium
Parc De Côtéville,420.85566225806457,medium
Parc De Gaspé,420.7443309677419,medium
Parc De Hungtingville,420.60569193548383,medium
Parc De Kent,420.7404616129032,medium
Parc De L''Île,420.85310612903226,medium
Parc De L''Île-Melville,420.88279967741937,medium
Parc De L'Abbé-John-Colford,420.75500419354836,medium
Parc De L'Ancien-Chemin-De-Fer,420.61599580645156,medium
Parc De L'Ancien-Réservoir,420.6198296774194,medium
Parc De L'Ancienne-Caserne,420.6195706451613,medium
Parc De L'Ancienne-Prison,420.6196835483871,medium
Parc De L'Anse-Bleue,420.7526232258064,medium
Parc De L'Aquarelle,420.7671587096774,medium
Parc De L'Aréna,420.85409935483875,medium
Parc De L'Escarpe,420.61536322580645,medium
Parc De L'Honorable-George-O'Reilly,420.72693935483875,medium
Parc De L'Horloge Du Millénaire,420.87963903225807,medium
Parc De L'Ile Melville,420.882794516129,medium
Parc De L'Oiseau-Bleu,420.8600214516129,medium
Parc De L'Ukraine,420.74666935483873,medium
Parc De L'École D'Éducation Internationale De Laval,420.7547419354839,medium
Parc De L'Écorce,420.8576612903226,medium
Parc De L'Émerillon,420.76444741935484,medium
Parc De L'Épervière,420.7286270967742,medium
Parc De L'Érablière,420.8579451612903,medium
Parc De L'Étrier,420.856924516129,medium
Parc De L'Île,420.85298516129035,medium
Parc De L'Île Melville,420.88310258064513,medium
Parc De La Bruère,420.749765483871,medium
Parc De La Butte-Aux-Bouleaux,420.6234125806452,medium
Parc De La Caille,420.7637538709677,medium
Parc De La Canardière,420.76624451612906,medium
Parc De La Citadelle,420.8617287096774,medium
Parc De La Cité-Du-Havre,420.73545580645157,medium
Parc De La Confédération,420.73519774193545,medium
Parc De La Croisée,420.85175967741935,medium
Parc De La Côte-Des-Neiges,420.8632503225806,medium
Parc De La Fabrique-Saint-Martin,420.7565596774194,medium
Parc De La Ferme-Dalton,420.8574325806452,medium
Parc De La Fontaine,420.7281583870968,medium
Parc De La Gare-De-Grand-Mère,420.8931129032258,medium
Parc De La Guadeloupe,420.8578532258065,medium
Parc De La Kruger,420.6353,medium
Parc De La Laurentie,420.62249612903224,medium
Parc De La Marina Grand-Mère,420.89504290322583,medium
Parc De La Mauricie,420.7599474193549,medium
Parc De La Paix,420.89742548387096,medium
Parc De La Plage Idéale,420.8898958064516,medium
Parc De La Plage Municipale,420.6156929032258,medium
Parc De La Plage-Idéale,420.89003838709675,medium
Parc De La Plage-Municipale,420.61571193548383,medium
Parc De La Plage-Municipale De Deauville,420.61573741935484,medium
Parc De La Pointe-Du-Rang-Ix,420.61762161290324,medium
Parc De La Pointe-À -Pouliot,420.99442193548384,medium
Parc De La Promenade-Bellerive,420.7506083870968,medium
Parc De La Reine Élizabeth,420.7266451612903,medium
Parc De La Reine-Élisabeth,420.8573648387097,medium
Parc De La Renaissance,420.76778838709674,medium
Parc De La Rive,420.634485483871,medium
Parc De La Rive-Du-Golf,420.89658967741934,medium
Parc De La Riviera,420.85971215053763,medium
Parc De La Riviere-Shawinigan,420.8906890322581,medium
Parc De La Rivière Grand-Mère,420.89553548387096,medium
Parc De La Rivière-Des-Mille-'Îles,420.76906870967747,medium
Parc De La Rivière-Grand-Mère,420.8957348387097,medium
Parc De La Rivière-Noire,420.8960651612903,medium
Parc De La Rivière-Shawinigan,420.8895890322581,medium
Parc De La Rosée,420.85722806451616,medium
Parc De La Rousserolle,420.7645296774193,medium
Parc De La Sablonnière,420.85527322580646,medium
Parc De La Saint-François,420.6195661290323,medium
Parc De La Savanne,420.7408825806452,medium
Parc De La Seigneurie,420.75840258064517,medium
Parc De La Terrasse Est,420.85204096774197,medium
Parc De La Terrasse-Germaine,420.75341096774196,medium
Parc De La Volière,420.7659651612903,medium
Parc De Laperrière,420.8687329032258,medium
Parc De Lausanne,420.8098808064516,medium
Parc De Laverdière,420.85513387096773,medium
Parc De Limoges,420.85836774193547,medium
Parc De Liège,420.62186387096773,medium
Parc De Lotbinière,420.7613332258064,medium
Parc De Lucerne,420.8575783870968,medium
Parc De Lucerne-Nord,420.86590483870964,medium
Parc De Lyon,420.76785096774194,medium
Parc De Ma-Villa,420.6253090322581,medium
Parc De Marie-Médiatrice,420.6198587096774,medium
Parc De Marie-Reine-Du-Monde,420.6151612903226,medium
Parc De Mingan,420.8100169354839,medium
Parc De Monseigneur-Letendre,420.6189596774194,medium
Parc De Montceau,420.7559316129032,medium
Parc De Naples,420.7641422580645,medium
Parc De Newington,420.61638967741936,medium
Parc De Normanville,420.7469632258065,medium
Parc De Notre-Dame-Du-Laus,420.6115322580645,medium
Parc De Notre-Dame-Du-Rosaire,420.6176964516129,medium
Parc De Renaix,420.7645803225806,medium
Parc De Roberval,420.86333935483873,medium
Parc De Saint-Alphonse-De-Liguori,420.62248774193546,medium
Parc De Saint-Boniface,420.62106516129035,medium
Parc De Saint-Charles-Garnier,420.6246764516129,medium
Parc De Saint-Colomban,420.6166512903226,medium
Parc De Saint-Malo,420.8549606451613,medium
Parc De Sainte-Flore,420.89727741935485,medium
Parc De Sienne,420.7541970967742,medium
Parc De Ségovie,420.76548677419356,medium
Parc De Tellier,420.8617516129032,medium
Parc De Val-D'Oise,420.8592425806452,medium
Parc De Venise,420.7719387096774,medium
Parc De View Point,420.6074638709677,medium
Parc Decelles,420.74509903225805,medium
Parc Delorme,420.7535229032258,medium
Parc Des Acrobates,420.75552161290324,medium
Parc Des Anémones,420.75155193548386,medium
Parc Des Becs-Scie,420.85423741935483,medium
Parc Des Cardinaux,420.7654948387097,medium
Parc Des Champs-De-Bataille,420.84191774193545,medium
Parc Des Chars-De-Combat,420.8518812903226,medium
Parc Des Choucas,420.7646293548387,medium
Parc Des Chrysanthèmes,420.6200690322581,medium
Parc Des Coccinelles,420.75351677419354,medium
Parc Des Coquelicots,420.85623387096774,medium
Parc Des Crécerelles,420.76591096774195,medium
Parc Des Cèdres,420.8545029032258,medium
Parc Des Deux-Ruisseaux,420.7367793548387,medium
Parc Des Draveurs,420.85818403225807,medium
Parc Des Faubourgs,420.7399996774194,medium
Parc Des Fleurs,420.7567087096774,medium
Parc Des Géographes,420.61533483870966,medium
Parc Des Géologues,420.61385322580645,medium
Parc Des Hautes-Plaines,420.86144043010756,medium
Parc Des Hiboux,420.7655448387097,medium
Parc Des Hirondelles,420.75721548387094,medium
Parc Des Jardins-Fleuris,420.6195880645161,medium
Parc Des Jardins-Lavigne,420.8565116129032,medium
Parc Des Jardins-Saint-Georges,420.89526741935487,medium
Parc Des Jeunes,420.6226148387097,medium
Parc Des Jonquilles,420.8531351612903,medium
Parc Des Joyeux-Vikings,420.73918000000003,medium
Parc Des Lucioles,420.75373870967746,medium
Parc Des Marguerites,420.8586612903226,medium
Parc Des Mésanges,420.7562516129032,medium
Parc Des Nénuphars,420.7555229032258,medium
Parc Des Oiseaux,420.85597451612904,medium
Parc Des Optimistes,420.7393311290323,medium
Parc Des Orioles,420.7645622580645,medium
Parc Des Ormes,420.85918032258064,medium
Parc Des Paysans,420.85462354838705,medium
Parc Des Petits-Seigneurs,420.85289774193546,medium
Parc Des Peupliers,420.76844870967744,medium
Parc Des Piles,420.91261709677417,medium
Parc Des Pins,420.763174516129,medium
Parc Des Pivoines,420.75744580645164,medium
Parc Des Portageurs,420.8508922580645,medium
Parc Des Prairies,420.75312064516135,medium
Parc Des Pyrénées,420.6190596774194,medium
Parc Des Quatre-Pins,420.6202170967742,medium
Parc Des Rapides,420.72467774193547,medium
Parc Des Ravin-Boisés,420.86123612903225,medium
Parc Des Roseaux,420.7517103225806,medium
Parc Des Roseraies,420.6836216129032,medium
Parc Des Royaux,420.7407638709678,medium
Parc Des Saules,420.7718919354839,medium
Parc Des Servantes,420.8543251612903,medium
Parc Des Soeurs-Maristes,420.8613051612903,medium
Parc Des Terrasses,420.77090354838714,medium
Parc Des Tilleuls,420.7660703225807,medium
Parc Des Tisserands,420.767345483871,medium
Parc Des Trembles,420.8413902304148,medium
Parc Des Trois-L,420.8857670967742,medium
Parc Des Trois-Portages,420.855175483871,medium
Parc Des Vendanges,420.8614619354838,medium
Parc Des Vignobles,420.8617379569892,medium
Parc Des Vétérans,420.7449377419355,medium
Parc Des Épinettes (Rue Des Astilbes),420.9949158064516,medium
Parc Des Érables,420.77377677419355,medium
Parc Desjardins,420.8537214516129,medium
Parc Desmarteau,420.7682409677419,medium
Parc Desnoyers,420.86001967741936,medium
Parc Desranleau,420.6172451612903,medium
Parc Diane-Vaillancourt,420.61946548387095,medium
Parc Dixie,420.7350783870968,medium
Parc Dollard-Des Ormeaux,420.7593793548387,medium
Parc Dollard-Morin,420.7604312903226,medium
Parc Dolor-Biron,420.6183561290323,medium
Parc Dominique-Viscogliosi,420.61578000000003,medium
Parc Dora,420.7714529032258,medium
Parc Dorilas-Gagnon,420.6349548387097,medium
Parc Du Barrage,420.6193070967742,medium
Parc Du Beau-Rivage,420.88825354838707,medium
Parc Du Beau-Vallon,420.85513838709676,medium
Parc Du Bel-Air,420.62153903225806,medium
Parc Du Bois-Beckett,420.6246706451613,medium
Parc Du Boisé,420.87918629032254,medium
Parc Du Boisé-Fabi,420.61751483870967,medium
Parc Du Calvaire-Sauriol,420.75247290322585,medium
Parc Du Carré-Vaudreuil,420.8512109677419,medium
Parc Du Centenaire-De-Grand-Mère,420.8949232258065,medium
Parc Du Centre-Communautaire-Montrougeau,420.7650790322581,medium
Parc Du Champ-De-Mars,420.6201632258065,medium
Parc Du Cheptel,420.61873322580647,medium
Parc Du Cimetière,420.6258664516129,medium
Parc Du Clair-Val,420.8777279032258,medium
Parc Du Coeur-Immaculé-De-Marie,420.61731741935483,medium
Parc Du Complexe Environnemental De Saint-Michel,420.75081548387095,medium
Parc Du Cosmos,420.85751741935485,medium
Parc Du Crochet,420.7536748387097,medium
Parc Du Côteau,420.8577127419355,medium
Parc Du Debonair,420.6239448387097,medium
Parc Du Domaine-Du-Havre,420.8929435483871,medium
Parc Du Domaine-Howard,420.61992258064515,medium
Parc Du Domaine-Laflèche,420.89590548387093,medium
Parc Du Drakkar,420.8559812903226,medium
Parc Du Dôme,420.86104532258065,medium
Parc Du Faubourg,420.7636819354838,medium
Parc Du Frère-Théode,420.6179903225806,medium
Parc Du Gabbro,420.8645953225806,medium
Parc Du Grand-Orme,420.91261118279573,medium
Parc Du Grand-Ruisseau,420.86011516129037,medium
Parc Du Grand-Saule,420.61862258064514,medium
Parc Du Lac-Beauchamp,420.8560898924731,medium
Parc Du Lac-Bournival,420.8992335483871,medium
Parc Du Lac-Leamy,420.85542822580646,medium
Parc Du Lac-Montclair,420.900615483871,medium
Parc Du Marais,420.6178048387097,medium
Parc Du Marquis-De Montcalm,420.62081774193547,medium
Parc Du Mena'Sen,420.6210935483871,medium
Parc Du Mi-Vallon,420.62076193548387,medium
Parc Du Mont-Bellevue,420.61617096774194,medium
Parc Du Mont-Royal,420.738269032258,medium
Parc Du Mont-Saint-Louis,420.9847735483871,medium
Parc Du Moulin,420.7682612903226,medium
Parc Du Moulin-Desbiens,420.77625032258067,medium
Parc Du Méridien,420.85728602150533,medium
Parc Du Passant,420.8997922580645,medium
Parc Du Petit-Canada,420.6177061290323,medium
Parc Du Plateau,420.81031722580644,medium
Parc Du Relais,420.85330645161287,medium
Parc Du Rocher,420.8951751612903,medium
Parc Du Rond-Point-Paradis,420.6315077419355,medium
Parc Du Royal-22E-Régiment,420.76478258064515,medium
Parc Du Ruisseau,420.8541858064516,medium
Parc Du Sablon,420.753165483871,medium
Parc Du Spoutnik,420.8590435483871,medium
Parc Du Tourbillon,420.8512329032258,medium
Parc Du Trianon,420.6123567741936,medium
Parc Du Troisième-Sommet,420.7397622580645,medium
Parc Du Vallon,420.86391741935483,medium
Parc Du Vandal-Blanc,420.62442387096775,medium
Parc Du Vieux-Verger,420.85420924731187,medium
Parc Du Villageois,420.62636000000003,medium
Parc Du Voilier,420.8547722580645,medium
Parc Dubreuil,420.62018903225805,medium
Parc Ducharme,420.61669193548386,medium
Parc Duff-Court,420.73339870967743,medium
Parc Dufresne,420.7540525806452,medium
Parc Dumas,420.7632012903226,medium
Parc Dumont,420.6178209677419,medium
Parc Dupuis,420.85241838709675,medium
Parc Duquette,420.73036548387097,medium
Parc Durocher,420.76598419354843,medium
Parc Dussault,420.61555419354835,medium
Parc Décosse,420.8600422580645,medium
Parc Eddy-Rivard,420.8909635483871,medium
Parc Edmond-Rostand,420.76142225806456,medium
Parc Edward-Worthington,420.6247325806452,medium
Parc Elgar,420.7272283870968,medium
Parc Elgin,420.852005483871,medium
Parc En Mémoire-D'Elles,420.85548774193546,medium
Parc Entre Rues Des Pommetiers Et Des Bouleaux,420.9877867741936,medium
Parc Ernest-Bergeron,420.6363803225807,medium
Parc Etienne-Bellemare,420.9107380645161,medium
Parc Eugène-Dostie,420.7523229032258,medium
Parc Eugène-Sauvageau,420.85716217741935,medium
Parc Fabien,420.763774516129,medium
Parc Fabre-Joie,420.76273677419357,medium
Parc Ferland,420.6866356451613,medium
Parc Ferme-Ste-Thérèse,420.76908709677423,medium
Parc Fernand-Béland,420.8600383870968,medium
Parc Fernando-Pessoa,420.7600641935484,medium
Parc Florence-Lawless-Lacroix,420.89496580645164,medium
Parc Florent,420.75569806451614,medium
Parc Flori-Jeux (Avenue Thomas-Dionne),420.9958832258065,medium
Parc Fontaine,420.8517496774194,medium
Parc Forman,420.89518161290323,medium
Parc Francine,420.7590722580645,medium
Parc Frank-Gauthier,420.89386548387097,medium
Parc François-Perrault,420.7489177419355,medium
Parc François-Xavier-Luc,420.62202709677416,medium
Parc Front,420.85612838709676,medium
Parc Frédéric,420.6236593548387,medium
Parc Frégault,420.7587316129032,medium
Parc Félix-Thibault,420.61875,medium
Parc G. Garibaldi,420.7517583870968,medium
Parc Gagnon,420.76875709677415,medium
Parc Gagné,420.7527961290323,medium
Parc Gaston-Renaud,420.85942709677414,medium
Parc Gauthier,420.75394483870963,medium
Parc Gemma,420.7645109677419,medium
Parc Gendron,420.8635770967742,medium
Parc George-Étienne-Cartier,420.85956193548384,medium
Parc Georges-Bourgeois,420.75785096774194,medium
Parc Georges-Saint-Pierre,420.7327893548387,medium
Parc Georges-Vanier,420.88940129032255,medium
Parc Georges-Étienne-Cartier,420.8597712903226,medium
Parc Gerry-Dattilio,420.7557406451613,medium
Parc Gervais,420.89440225806453,medium
Parc Gilardeau,420.75466193548385,medium
Parc Gilbert,420.7639138709677,medium
Parc Gilbert-Garneau,420.8568785483871,medium
Parc Gilbert-Garneau No 1,420.85674903225805,medium
Parc Gilbert-Garneau No 2,420.85674903225805,medium
Parc Gilles-Charland,420.6163429032258,medium
Parc Gilles-Lefebvre,420.7410735483871,medium
Parc Gilles-Maisonneuve,420.8550493548387,medium
Parc Gilles-Paradis,420.6138809677419,medium
Parc Giovanni-Caboto,420.7636806451613,medium
Parc Glenada,420.89077822580646,medium
Parc Goddard,420.61948032258067,medium
Parc Gohier,420.74415193548384,medium
Parc Goulet,420.7478693548387,medium
Parc Goupil,420.76739677419357,medium
Parc Guillaume-Tell,420.8936606451613,medium
Parc Guitard,420.86019774193545,medium
Parc Généreux,420.8598074193548,medium
Parc Gérald-Millar,420.85054258064514,medium
Parc Gérard-Marchand,420.85511612903224,medium
Parc Harris,420.7463422580645,medium
Parc Hartenstein,420.74635193548386,medium
Parc Haute-Plaines,420.86175322580647,medium
Parc Haymard,420.7273758064516,medium
Parc Hector-Aubin,420.8624622580645,medium
Parc Hector-Lussier,420.76429774193554,medium
Parc Henri-Bourassa,420.76002741935486,medium
Parc Henri-Dunant,420.8263217204301,medium
Parc Henri-Duplessis,420.7560370967742,medium
Parc Honoré-De Balzac,420.76159838709674,medium
Parc Hooper,420.8937996774194,medium
Parc Horizon (Rue Émilien-Amiot),420.99507322580644,medium
Parc Houde,420.7428422580645,medium
Parc Howard,420.75732258064517,medium
Parc Hébert,420.75045322580644,medium
Parc Hélène-Boullé,420.62357580645164,medium
Parc Hétu,420.85828193548383,medium
Parc Hôtel De Ville,420.7556061290323,medium
Parc Ignace-Bourget,420.7304180645162,medium
Parc Ingrid,420.7637332258065,medium
Parc Irma-Levasseur,420.6197435483871,medium
Parc Irène,420.8642361290323,medium
Parc Irène-Ducharme,420.6162487096774,medium
Parc Isabelle,420.76270741935485,medium
Parc Islemère,420.759054516129,medium
Parc Ivan-Pavlov,420.76417709677423,medium
Parc J.-M.-Daigneault,420.76725193548384,medium
Parc J.-Émile-Hébert,420.8809383870968,medium
Parc J.D. Ducharme,420.72670741935485,medium
Parc J.O.R.-Leduc,420.7272612903226,medium
Parc Jack-Eyamie,420.8535816935484,medium
Parc Jacob,420.8822274193549,medium
Parc Jacob-Nicol,420.6207851612903,medium
Parc Jacques-Blanchet,420.74306903225806,medium
Parc Jacques-Cartier,420.619284516129,medium
Parc Jacques-Cartier Sud,420.85157967741935,medium
Parc Jacques-Marcotte,420.8945993548387,medium
Parc Jacques-Plante,420.88497193548386,medium
Parc James-Simpson-Mitchell,420.61996967741936,medium
Parc Jardins-Lavigne,420.8565306451613,medium
Parc Jarry,420.74885172043014,medium
Parc Jean-Amyot,420.74783870967747,medium
Parc Jean-Bosco,420.6220138709677,medium
Parc Jean-Brillant,420.73847322580644,medium
Parc Jean-Claude-Légaré,420.88684677419354,medium
Parc Jean-Claude-Quirion,420.61721,medium
Parc Jean-Dallaire,420.85178693548386,medium
Parc Jean-Drapeau,420.7353022580645,medium
Parc Jean-Duceppe,420.7435929032258,medium
Parc Jean-Gardy-Bienvenu,420.8588170967742,medium
Parc Jean-Xxiii,420.76114387096777,medium
Parc Jeanne-Mance,420.7389837096774,medium
Parc Jeannotte,420.72842677419357,medium
Parc Jeffrey-Gingras,420.6266535483871,medium
Parc Joachim-Du Bellay,420.76152645161295,medium
Parc Joanette,420.72979064516124,medium
Parc Jodelle,420.7621022580645,medium
Parc John-F.-Kennedy,420.7426241935484,medium
Parc Jolibourg,420.7577703225806,medium
Parc Jolicoeur,420.8589653225807,medium
Parc Joseph-Forest,420.62912,medium
Parc Joseph-H.-Maloney,420.8599964516129,medium
Parc Joseph-Paré,420.7495387096774,medium
Parc Judes-O.-Camirand,420.61806483870964,medium
Parc Jules-Richard,420.6182077419355,medium
Parc Jules-Verne,420.8598580645161,medium
Parc Jules-Émond,420.86163161290324,medium
Parc Jérôme,420.7606512903226,medium
Parc Kennedy,420.75460129032257,medium
Parc Kenneth-Lloyd,420.8487681451613,medium
Parc Kent,420.8508470967742,medium
Parc Kirkland,420.73137387096773,medium
Parc L'Escale,420.7672980645161,medium
Parc L'Orée Du Fleuve,420.72693935483875,medium
Parc L.-O.-Taillon,420.7515512903226,medium
Parc La Fontaine,420.7407167741935,medium
Parc La Fontaine Est,420.7406325806452,medium
Parc La Vérendrye,420.8597009677419,medium
Parc Labelle,420.75648032258067,medium
Parc Lacharité,420.7249667741936,medium
Parc Lacordaire,420.7606903225806,medium
Parc Ladauversière,420.75143741935483,medium
Parc Lafayette,420.8921379032258,medium
Parc Laflèche,420.8578248387097,medium
Parc Lafond,420.81825032258064,medium
Parc Laframboise,420.86129161290324,medium
Parc Lagarde,420.7593864516129,medium
Parc Laguerrier,420.77098677419355,medium
Parc Lakeview,420.84970462365595,medium
Parc Lamarche,420.8635287096774,medium
Parc Lanctôt,420.85857612903226,medium
Parc Larocque,420.853736,medium
Parc Lasalle 1,420.73156387096776,medium
Parc Lattion,420.85651,medium
Parc Laurent-Groulx,420.8555819354839,medium
Parc Laurier-Bernard,420.6243912903226,medium
Parc Laurier-Charlemagne,420.74605258064514,medium
Parc Lauzon,420.8611148387097,medium
Parc Laval-Ouest,420.7613512903226,medium
"Parc Laval-Ouest, Site Saint-Antoine",420.76040516129035,medium
Parc Lavoie,420.61653225806447,medium
Parc Lawrence,420.7252051612903,medium
Parc Le Ber,420.7310816129032,medium
Parc Le Boutillier,420.75601193548385,medium
Parc Le Carignan,420.7585748387097,medium
Parc Le Montagnais,420.6266803225806,medium
Parc Le Pélican,420.7441812903226,medium
Parc Le-Petit-Poucet,420.8784719354839,medium
Parc Lefebvre,420.72871612903225,medium
Parc Lemoyne,420.8593287096774,medium
Parc Lennoxville Optimist,420.6106387096774,medium
Parc Leonard-Cohen,420.62549645161295,medium
Parc Lepage,420.9857870967742,medium
Parc Leroux,420.72612967741935,medium
Parc Limbour,420.86523354838704,medium
Parc Linéaire De La Rivière-Des-Roches,420.86315258064514,medium
Parc Lionel-Lord,420.6223048387097,medium
Parc Liébert,420.75072903225805,medium
Parc Lord,420.88064967741934,medium
Parc Louis-Cyr,420.73251741935485,medium
Parc Louis-Durocher,420.76347,medium
Parc Louis-Jolliet,420.8021251612903,medium
Parc Louis-Luc,420.62258258064514,medium
Parc Louis-Philion,420.8557929032258,medium
Parc Louis-Phillion,420.8596558064516,medium
Parc Louis-Taché,420.8647779032258,medium
Parc Loyola,420.73383677419355,medium
Parc Lucerne-Nord,420.8653977419355,medium
Parc Lucie-Bruneau,420.7553374193548,medium
Parc Lucien-Blanchard,420.61989967741937,medium
Parc Lucien-Cartier,420.77347612903225,medium
Parc Ludger-Gerbeau,420.88006322580645,medium
Parc Luigi Pirandello,420.75204709677416,medium
Parc Lynne,420.75594548387096,medium
Parc Légaré,420.75830548387097,medium
Parc Légion,420.8619293548387,medium
Parc Léo-Paul-Boissé,420.61737967741936,medium
Parc Lévis-Paquette,420.76038967741937,medium
Parc Mackenzie-King,420.73804451612904,medium
Parc Maclaren,420.8617548387097,medium
Parc Madaire,420.84858451612905,medium
Parc Madeleine,420.76496645161285,medium
Parc Maillé,420.62104322580643,medium
Parc Maisonneuve (Incluant Le Golf Municipal),420.7472458064516,medium
Parc Malborough,420.7490983870968,medium
Parc Mallish,420.8625270967742,medium
Parc Manfredo-De-Vito,420.895114516129,medium
Parc Manoir-Des-Trembles,420.8538232258065,medium
Parc Marc-Aurèle-Fortin,420.76518161290323,medium
Parc Marc-Gosselin,420.8565129032258,medium
Parc Marcel-Chaput,420.8524412903226,medium
Parc Marcel-Gamache,420.7562161290322,medium
Parc Marcel-Gladu,420.86070822580643,medium
Parc Marcel-Proust,420.76112290322584,medium
Parc Marcelle-Barthe,420.73916225806454,medium
Parc Marchand,420.75979419354843,medium
Parc Marengère,420.8557241935484,medium
Parc Marguerite-Bourgeoys,420.6186870967742,medium
Parc Marguerite-Duras,420.7613725806452,medium
Parc Maria-Goretti,420.76602483870965,medium
Parc Marie-Coron,420.76081354838715,medium
Parc Marie-Victorin,420.6225203225806,medium
Parc Marlene-Goyet,420.85730096774193,medium
Parc Martin-Larouche,420.85434,medium
Parc Martin-Perrier,420.8547141935484,medium
Parc Maskinongé,420.7592774193548,medium
Parc Masson,420.7723335483871,medium
Parc Maurice-Beaudoin,420.88480290322576,medium
Parc Mayfield,420.75784387096775,medium
Parc Mcandrew,420.8608432258065,medium
Parc Mcdonald,420.737104516129,medium
Parc Mgr J.A. Richard,420.72693935483875,medium
Parc Michel-Mathieu,420.76487709677417,medium
Parc Moncion,420.8571838709678,medium
Parc Mont-Luc,420.8629051612903,medium
Parc Mont-Royal,420.7691993548387,medium
Parc Montcalm,420.7538641935484,medium
Parc Montgolfier,420.75498741935485,medium
Parc Montmartre,420.7637016129032,medium
Parc Montpetit,420.8558980645161,medium
Parc Montreuil,420.7519620967742,medium
Parc Monty,420.7608635483871,medium
Parc Morand,420.8753987096774,medium
Parc Morgan,420.74303967741935,medium
Parc Moussette,420.85146329032256,medium
Parc Mulligan,420.8553883870968,medium
Parc Multisport Manfredo-Devito,420.8950695698925,medium
Parc Multisport Réal-Dufresne,420.8783947311828,medium
Parc Municipal,420.6389967741936,medium
Parc Médéric-Martin,420.74123032258063,medium
Parc Ménard,420.74263225806453,medium
Parc Nagle,420.61538322580645,medium
Parc Nault,420.63330483870965,medium
Parc Nelson Mandela,420.73954612903225,medium
Parc Nicolas-Tillemont,420.7483987096774,medium
Parc Nicole,420.76454193548386,medium
Parc Nobert,420.8621322580645,medium
Parc Nodier,420.7631816129032,medium
Parc Normand Dawe,420.728264516129,medium
Parc Normand-Dussault,420.6180212903226,medium
Parc Notre-Dame,420.7710435483871,medium
Parc Notre-Dame-De-Grâce,420.7339025806452,medium
Parc Noé-Ponton,420.6184229032258,medium
Parc Noël-Nord,420.74867322580644,medium
Parc Olier-Payette,420.77014129032256,medium
Parc Olivier-Chauveau,420.6209996774194,medium
Parc Oscar,420.7554461290323,medium
Parc Ottawa,420.7550864516129,medium
Parc Ouelette,420.7274825806452,medium
Parc Ouellet,420.63413129032256,medium
Parc Painter,420.74764387096775,medium
Parc Paradis,420.766475483871,medium
Parc Parenteau,420.7708206451613,medium
Parc Paul-André-Potvin,420.89552204301077,medium
Parc Paul-Marcel-Maheu,420.75428612903227,medium
Parc Paul-Marin,420.6190103225806,medium
Parc Pearson,420.8630332258065,medium
Parc Persillier-Lachapelle,420.73995483870965,medium
Parc Peterborough,420.75510225806454,medium
Parc Petit-Canada,420.895865483871,medium
Parc Philippe-Desranleau,420.61745806451614,medium
Parc Philippe-Doyon,420.62040838709675,medium
Parc Pie Xii,420.7541354838709,medium
Parc Pie-X,420.7551216129032,medium
Parc Pierre-Bernard,420.75224483870966,medium
Parc Pierre-Blanchet,420.7612258064516,medium
Parc Pierre-Bédard,420.7490916129032,medium
Parc Pierre-Corneille,420.7615506451613,medium
Parc Pierre-Dansereau,420.6215061290323,medium
Parc Pierre-Garceau,420.89941064516125,medium
Parc Pierre-Lafontaine,420.85763849462364,medium
Parc Pierre-Laporte,420.8599937634409,medium
Parc Pilon,420.75711161290326,medium
Parc Plouffe,420.8582548387097,medium
Parc Poirier,420.73751048387095,medium
Parc Polyvalente De L'Érablière,420.86397161290324,medium
Parc Polyvalente Le Carrefour,420.8579464516129,medium
Parc Polyvalente Nicolas-Gatineau,420.8602209677419,medium
Parc Pomerleau,420.61924903225804,medium
Parc Pontmain,420.75254,medium
Parc Primeau,420.75667645161286,medium
Parc Prince-Rupert,420.7719741935484,medium
Parc Prospérine,420.85037193548385,medium
Parc Prévost,420.7628922580645,medium
Parc Père-Marquette,420.7354562903226,medium
Parc Père-Vimont,420.7669329032258,medium
Parc Pépin,420.7630835483871,medium
Parc Quintal,420.6219693548387,medium
Parc R.-H.-Lalonde,420.85999548387093,medium
Parc Racicot,420.8552777419355,medium
Parc Ralph-Gustafson,420.61179483870967,medium
Parc Raymond,420.72551387096775,medium
Parc Raymond-Madore,420.85838758064517,medium
Parc Raymond-Préfontaine,420.7424761290323,medium
Parc René-Goupil,420.75227548387096,medium
Parc René-Lévesque,420.81989752688173,medium
Parc René-Patenaude,420.7565306451613,medium
Parc René-Vanier,420.6194258064516,medium
Parc Richelieu,420.7618764516129,medium
Parc Riel,420.85807161290325,medium
Parc Ringuet,420.7633412903226,medium
Parc Rita-Desclos,420.62015258064514,medium
Parc Rivard,420.761295483871,medium
Parc Riverside,420.72470032258065,medium
Parc Riviera,420.86022354838707,medium
Parc Robert-L'Herbier,420.7555412903226,medium
Parc Robert-Sauvé,420.75039451612906,medium
Parc Roberval,420.86337967741935,medium
Parc Robinson,420.8557316129032,medium
Parc Robitaille,420.8294788172043,medium
Parc Roch-Hébert,420.77042387096776,medium
Parc Rodolphe-Lavoie,420.76066709677417,medium
Parc Rodolphe-Vallée,420.6198319354839,medium
Parc Rodrigue,420.6148319354839,medium
Parc Roger Rousseau,420.7558848387097,medium
Parc Roger-Gingues,420.6175516129032,medium
Parc Roger-Provost,420.7556609677419,medium
Parc Roger-St-Onge,420.85529258064514,medium
Parc Roi-Du-Nord,420.76840000000004,medium
Parc Rosaire-Gauthier,420.75384516129037,medium
Parc Rosemary-Brown,420.73890064516127,medium
Parc Rougemont,420.74592903225806,medium
Parc Route Santerre Et Rue De La Rive,420.9871393548387,medium
Parc Rue De L''Île-De-France,420.98372645161294,medium
Parc Rue De La Normandie,420.98394129032255,medium
Parc Rue De La Pinède,420.9766677419355,medium
Parc Rue Des Agarics,420.9848938709677,medium
Parc Rue Des Jardiniers,420.98666741935483,medium
Parc Rue Des Pinsons,420.9850370967742,medium
Parc Rue Des Sarcelles,420.98463612903225,medium
Parc Rue Du Bosquet,420.9880264516129,medium
Parc Rue Du Fleuve,420.99540806451614,medium
Parc Rue Du Versant,420.9875983870968,medium
Parc Rue Duquesne,420.9876306451613,medium
Parc Rue Frontenac,420.9743606451613,medium
Parc Rue Frédéric-Rousseau,420.9871225806452,medium
Parc Rue Georges-Henri-Lévesque,420.98655516129037,medium
Parc Rue Gilles-Vigneault,420.9854377419355,medium
Parc Rue Jalna,420.97733870967744,medium
Parc Rue Monseigneur-Langis,420.98520903225807,medium
Parc Rue Saint-Germain Est (Face Au No°383),420.99110903225807,medium
Parc Rue Élisabeth-Turgeon (Élize Picard),420.9868112903226,medium
Parc Rues Saucier Et Ernest-Lapointe,420.9843748387097,medium
Parc Réal-D.-Carbonneau,420.6223422580645,medium
Parc Sabrevois,420.7547806451613,medium
Parc Sacré-Coeur,420.7633083870968,medium
Parc Saint-Claude,420.7544890322581,medium
Parc Saint-Coeur-De-Marie,420.8629251612903,medium
Parc Saint-Dominique,420.85277806451614,medium
Parc Saint-Donat,420.74881193548384,medium
Parc Saint-Ernest,420.75882935483867,medium
Parc Saint-Exupéry,420.86178032258067,medium
Parc Saint-Gabriel,420.7319848387097,medium
Parc Saint-Georges,420.75935612903226,medium
Parc Saint-Gérard,420.85486338709677,medium
Parc Saint-Jean,420.86984209677416,medium
Parc Saint-Jean-Baptiste,420.89422806451614,medium
Parc Saint-Jean-Bosco,420.9008073387097,medium
Parc Saint-Laurent,420.7584838709677,medium
Parc Saint-Martin,420.75714354838715,medium
Parc Saint-Mathieu,420.76736903225805,medium
Parc Saint-Maurice,420.82001596774194,medium
Parc Saint-Maxime,420.7520438709677,medium
Parc Saint-Michel,420.8091888709677,medium
Parc Saint-Norbert,420.7532277419355,medium
Parc Saint-Paul,420.73799016129027,medium
Parc Saint-Philippe,420.76043483870967,medium
Parc Saint-René,420.85771526881723,medium
Parc Saint-Rosaire,420.85689903225807,medium
Parc Saint-Rédempteur,420.8523680645161,medium
Parc Saint-Thomas,420.6178764516129,medium
Parc Saint-Victor,420.7545612903226,medium
Parc Saint-Édouard,420.7542420967742,medium
Parc Sainte-Bernadette,420.8514915053764,medium
Parc Sainte-Béatrice,420.76925516129035,medium
Parc Sainte-Flore,420.89713516129035,medium
Parc Sainte-Lucie,420.7530009677419,medium
Parc Sainte-Marie,420.77573677419355,medium
Parc Sainte-Thérèse,420.85217677419354,medium
Parc Sainte-Yvette,420.7518841935484,medium
Parc Salvador-Allende,420.76023387096774,medium
Parc Samuel-Foote-Morey,420.6194070967742,medium
Parc Sanscartier,420.85554177419357,medium
Parc Sanscartier No 1,420.8553835483871,medium
Parc Sanscartier No 2,420.8553835483871,medium
Parc Sauvé,420.7579022580645,medium
Parc Schingh,420.85624193548387,medium
Parc Sir George-Étienne-Cartier,420.7323358064516,medium
Parc Sir Wilfrid-Laurier,420.74286193548386,medium
Parc St-Aloysius,420.74249419354834,medium
Parc St-Clément,420.74463741935483,medium
Parc St-Laurent,420.7479748387097,medium
Parc St-Maurice,420.8833016129032,medium
Parc Stéphanie,420.7634141935484,medium
Parc Sun Valley,420.75972354838706,medium
Parc Sylva-Boisclair,420.8905812903226,medium
Parc Sylvie,420.75471516129033,medium
Parc Sylvie-Daigle,420.6200025806451,medium
Parc Talcy,420.75469612903225,medium
Parc Tardif,420.7601693548387,medium
Parc Tecumseh,420.85716096774195,medium
Parc Terrasse-Des-Rapides,420.8900029032258,medium
Parc Tessier,420.6150893548387,medium
Parc Théodore,420.74540838709675,medium
Parc Thérèse-Lecomte,420.6182638709677,medium
Parc Tibérius,420.85386548387095,medium
Parc Tom-Pouce,420.888585483871,medium
Parc Toussaint,420.753724516129,medium
Parc Toussaint-Louverture,420.7379648387097,medium
Parc Tremblay,420.6168864516129,medium
Parc Trenholme,420.7328422580645,medium
Parc Trois-L,420.88581,medium
Parc Turcotte,420.89248709677423,medium
Parc Turin,420.7466035483871,medium
Parc Val-Des-Arbres,420.7602612903226,medium
Parc Val-Mauricie,420.88095387096774,medium
Parc Valmore-Olivier,420.61875354838713,medium
Parc Valpin,420.85566032258066,medium
Parc Valère-Patoine,420.6290006451613,medium
Parc Van Horne,420.73865032258067,medium
Parc Verdelle,420.7542983870968,medium
Parc Victoria,420.7395859677419,medium
Parc Victoria-Girard,420.76032483870966,medium
Parc Vinet,420.7335393548387,medium
Parc Walter-Camden,420.61477,medium
Parc Wellie-Robitaille,420.8746419354839,medium
Parc Wilfrid-Lavigne,420.8578119354839,medium
Parc Wilfrid-Lorrain,420.7519377419355,medium
Parc Wilfrid-Pelletier,420.75822161290324,medium
Parc Willibrord,420.7291216129032,medium
Parc Willie-Bourassa-Auger,420.63038161290325,medium
Parc Wilson,420.7276261290322,medium
Parc Woods,420.85221806451614,medium
Parc Yannick-Scherrer,420.7828929032258,medium
Parc Yousuf-Karsh,420.61651870967745,medium
Parc À Chiens,420.73755967741937,medium
Parc Édouard-Boudreau,420.6184403225806,medium
Parc Édouard-Jean-Desruisseaux,420.6169409677419,medium
Parc Édouard-Mercier,420.85863096774193,medium
Parc Éliot,420.755745483871,medium
Parc Émery-Fortier,420.6179687096774,medium
Parc Émile,420.75358967741937,medium
Parc Émile-Gaudette,420.6168758064516,medium
Parc Émile-Zola,420.80696790322577,medium
Parc Équestre,420.78800677419355,medium
Parc Étienne-Bellemare,420.910784516129,medium
Parc Étienne-Desmarteau,420.7472635483871,medium
Parc Éveline,420.76249322580645,medium
Parc-Nature De L''Île-De-La-Visitation,420.755455483871,medium
Parc-Nature De L'Anse-À -L'Orme,420.74705548387095,medium
Parc-Nature De La Pointe-Aux-Prairies,420.76599064516125,medium
Parc-Nature Des Rapides-Du-Cheval-Blanc,420.7545583870967,medium
Parc-Nature Du Bois-D'Anjou,420.7596164516129,medium
Parc-Nature Du Bois-De-L''Île-Bizard,420.7565832258064,medium
Parc-Nature Du Bois-De-Liesse,420.74808322580645,medium
Parc-Nature Du Bois-De-Saraguay,420.74914354838705,medium
Parc-Nature Du Cap-Saint-Jacques,420.7513490322581,medium
Parc-Nature Du Ruisseau-De Montigny,420.7610412903226,medium
Parc-École Amédée-Boutin,420.8618783870968,medium
Parc-École André-Roux,420.84695032258065,medium
Parc-École Anne-Hébert,420.8423432258064,medium
Parc-École Chanoine-Côté,420.8467806451613,medium
Parc-École De L'Accueil,420.86124193548386,medium
Parc-École De L'Arc-En-Ciel,420.8587187096774,medium
Parc-École De L'Aventure,420.85800387096776,medium
Parc-École De L'Escabelle,420.85881838709673,medium
Parc-École De L'Orée-Des-Bois,420.8614670967742,medium
Parc-École De La Chanterelle,420.8637816129032,medium
Parc-École De La Chaumière,420.85554677419356,medium
Parc-École De La Grande-Hermine,420.84719677419355,medium
Parc-École De La Mosaïque,420.84833225806454,medium
Parc-École De La Passerelle,420.8709877419355,medium
Parc-École De La Source,420.85984548387097,medium
Parc-École De La Traversée,420.85634032258065,medium
Parc-École De Saint-Jean-Baptiste,420.84293483870965,medium
Parc-École De Saint-Sacrement,420.8421293548387,medium
Parc-École Des Berges,420.8446751612903,medium
Parc-École Des Jeunes-Du-Monde,420.84994032258066,medium
Parc-École Des Neiges,420.85816064516126,medium
Parc-École Des Écrivains,420.8473712903226,medium
Parc-École Dominique-Savio,420.8477364516129,medium
Parc-École Du Buisson,420.85176838709674,medium
Parc-École Du Domaine Saint-Charles,420.84746806451614,medium
Parc-École Du Lac-Des-Fées,420.85464709677416,medium
Parc-École Du Vignoble,420.86024612903225,medium
Parc-École Jean-Xxiii,420.84983032258066,medium
Parc-École Jules-Émond,420.8618635483871,medium
Parc-École La Camaradière,420.84988290322576,medium
Parc-École Marguerite-Bourgeoys,420.8440448387097,medium
Parc-École Notre-Dame-Du-Canada,420.84581000000003,medium
Parc-École Sacré-Coeur,420.8447183870968,medium
Parc-École Saint-Albert,420.84996032258067,medium
Parc-École Saint-Bernard,420.85667290322584,medium
Parc-École Saint-Claude,420.85967387096775,medium
Parc-École Saint-Malo,420.84393032258066,medium
Parc-École Saint-Paul-Apôtre,420.8489229032258,medium
Parc-École Sainte-Monique,420.8491893548387,medium
Parc-École South Hull,420.8509303225806,medium
Parcs Canin Nord,420.79180967741934,medium
Parcs Canin Sud,420.7821248387097,medium
Pataugeoire Ahuntsic,420.75161709677417,medium
Pataugeoire De Mésy,420.7502658064516,medium
Pataugeoire Du Sault-Au-Récollet,420.75390870967743,medium
Pataugeoire Henri-Julien,420.7491983870968,medium
Pataugeoire St-Paul De La Croix,420.7518187096774,medium
"Patenaude, Parc",420.7209409677419,medium
Patinoire De L'Espace Public,420.91413,medium
Patinoire De La Place D'Youville,420.8428174193548,medium
Patinoire Des Quais Du Vieux-Port,420.73625806451616,medium
Patinoire Des Vétérans,420.7395287096774,medium
Patinoire Du Lac Aux Castors,420.73746612903227,medium
Patinoire Du Lac Masson,420.8652412903226,medium
Patinoire Du Méga Parc,420.8516906451613,medium
Patinoire Du Parc Claude-Henri-Grignon,420.85444903225806,medium
Patinoire Du Parc Lépine,420.8507012903226,medium
Patinoire Du Ruisseau De La Brasserie,420.85141387096775,medium
Patinoire En Forêt - Au Coeur Du Lac Des Loups ,420.926975483871,medium
Patinoire Sur La Rivière L'Assomption,420.8276535483871,medium
Patinoire Toussaint-Louverture,420.7379051612903,medium
Patinoire Walter-Stewart,420.74114741935483,medium
"Patriote-Joseph-Vincent, Parc Du",420.7288077419355,medium
"Patriotes-1837-1838, Place Des",420.73610935483873,medium
Patro Le Prévost,420.74647612903226,medium
"Paul-Berval, Parc",420.7391322580645,medium
"Paul-Pratt, Parc",420.7391222580645,medium
"Paul-Provost, Parc",420.72788677419356,medium
Pavillon De La Piscine Notre-Dame-De-La-Garde,420.84071903225805,medium
Pavillon De Service De Tennis Du Parc La Chanterelle,420.8638870967742,medium
Pavillon De Tennis Victoria,420.8451125806452,medium
Pavillon Des Piscines Du Parc Bardy,420.8496377419355,medium
Pavillon Du Bois-Papineau,420.76136129032255,medium
Pavillon Renaud-Coursol,420.75973741935485,medium
Pedro-Da Silva,420.7850564516129,medium
"Pensées, Parc Des",420.7265067741936,medium
"Perras, Parc",420.72765483870967,medium
"Perrault, Parc",420.7369816129032,medium
"Perron, Parc",420.7333383870968,medium
Pie-Xii,420.77189741935484,medium
"Pierre-Beaudry, Parc",420.73909483870966,medium
"Pierre-Et-Bernard-Lucas, Parc",420.7289651612903,medium
"Pierre-Gosselin, Parc",420.7381148387097,medium
"Pierre-Laporte, Parc",420.7268596774194,medium
"Pierre-Raza, Parc",420.73807870967744,medium
"Pinard, Parc",420.7223558064516,medium
Pins,420.7744348387097,medium
"Pinsons, Parc Des",420.7418141935484,medium
Piscine Association Sportive Et Communautaire Centre-S,420.7396977419355,medium
Piscine Briarwood,420.75433032258064,medium
Piscine De L'Association Sportive Et Communautaire Du Centre Sud,420.73969870967744,medium
Piscine De La Claire-Fontaine Du Parc Victoria,420.62084290322576,medium
Piscine Du Centre Jean-Claude-Malépart,420.7410535483871,medium
Piscine Du Cégep Du Vieux Montréal,420.73838516129035,medium
Piscine Du Parc Alfred-Élie-Dufresne,420.6177712903226,medium
Piscine Du Parc Centennial,420.61152612903226,medium
Piscine Du Parc Central,420.6172751612903,medium
Piscine Du Parc De Ma-Villa,420.62539548387093,medium
Piscine Du Parc De Mi-Vallon,420.62070419354836,medium
Piscine Du Parc De Saint-Alphonse-De-Liguori,420.62243677419355,medium
Piscine Du Parc Des Optimistes,420.6204903225806,medium
Piscine Du Parc Du Cur-Immaculé-De-Marie,420.61740354838713,medium
Piscine Du Parc Nault,420.6334683870968,medium
Piscine Du Parc Paul-Marin,420.61895870967743,medium
Piscine Du Vieux-Montréal,420.73834741935485,medium
Piscine Du Ymca Centre-Ville,420.7362551612903,medium
Piscine Du Ymca Guy-Favreau,420.7368164516129,medium
Piscine Extérieure De La Station Plein-Air Val-Mauricie,420.8811058064516,medium
Piscine Extérieure Du Parc Antoine-St-Onge,420.8874961290323,medium
Piscine Extérieure Du Parc Frank-Gauthier,420.89385032258065,medium
Piscine Extérieure Du Parc St-Maurice,420.8831693548387,medium
Piscine Intérieure De Saint-Léonard,420.7530129032258,medium
Piscine Intérieure Roussin,420.7568116129033,medium
Piscine Intérieure Saint-Henri,420.73322193548387,medium
Piscine J.-A.-Lachance,420.84983774193546,medium
Piscine Jonh F. Kennedy,420.7487558064516,medium
Piscine Marcelin-Wilson,420.7501909677419,medium
Piscine Municipale Chevalier,420.85714451612904,medium
Piscine Municipale Courville,420.85409645161286,medium
Piscine Municipale De Giffard,420.85330193548384,medium
Piscine Municipale De L'École Secondaire L'Odyssée,420.86418645161285,medium
Piscine Municipale De Lebourgneuf,420.8546422580645,medium
Piscine Municipale De Loretteville,420.859154516129,medium
Piscine Municipale Du Bourg-Royal,420.8571241935484,medium
Piscine Municipale Du Centre De Plein Air De Beauport,420.8577677419355,medium
Piscine Municipale Du Centre Lucien-Borne,420.84278677419354,medium
Piscine Municipale Ferland,420.8476625806452,medium
Piscine Municipale Jacques-Amyot,420.83988741935485,medium
Piscine Municipale Monseigneur-Robert,420.85250903225807,medium
Piscine Municipale Montmorency,420.8511329032258,medium
Piscine Municipale Saint-Benoît,420.8409435483871,medium
Piscine Municipale Saint-Thomas-D'Aquin,420.84232322580647,medium
Piscine Municipale Sylvie-Bernier,420.83950161290323,medium
Piscine Municipale Wilfrid-Hamel,420.8446164516129,medium
Piscine Pierre-Harvey,420.9852593548387,medium
Piscine Pierrefonds Park,420.7528693548387,medium
Piscine Quintal,420.73995258064514,medium
Piscine Roxboro,420.7520080645161,medium
Piscine Sangster,420.61715096774196,medium
Piscine Thorndale,420.74871322580645,medium
Piscine Valleycrest,420.7472087096774,medium
Piscine Versailles,420.75482258064517,medium
Piscine Émile-Legault,420.7451119354839,medium
Place Des Aînés,420.7530583870968,medium
Place Du Centenaire,420.8884487096774,medium
Place Du Centenaire-De-Shawinigan,420.88847741935484,medium
Place Du Marché,420.8841764516129,medium
Plage Bosco,420.8312770967742,medium
Plage De L'Horloge,420.7368638709678,medium
Plage De L'O.T.J. (Lac-Mégantic),420.59004451612907,medium
Plage De La Pointe Scott,421.23180612903224,medium
Plage Des Beaux Sables Et Plage De L'Anse À Blondel - Newport,420.7152932258065,medium
Plage Des Cantons,420.6144293548387,medium
Plage Des Cèdres,420.8525187096774,medium
Plage Du Camping Baie Du Diable,421.1190777419355,medium
Plage Du Camping Chatham,420.8023296774193,medium
Plage Du Camping Domaine De Rouville,420.7148270967742,medium
Plage Du Cap Saint-Jacques,420.7515738709678,medium
Plage Du Centre De La Nature Lac Davignon,420.63573354838707,medium
Plage Du Centre De Plein Air De Sainte-Apolline,420.7770064516129,medium
Plage Du Lac Aux Araignées,420.5656,medium
Plage Du Lac Daviault (Marina De Fermont),421.7089012903226,medium
Plage Du Lac Mercier,420.93110322580645,medium
Plage Du Lac Saguay,421.01901806451616,medium
Plage Du Parc De La Baie-De-Magog,420.61232806451613,medium
Plage Du Parc De La Plage-Municipale,420.6156303225806,medium
Plage Du Parc Des Îles,421.0005816129032,medium
Plage Du Parc Du Bourg De Pabos - Pabos Mills,420.7265448387097,medium
Plage Du Parc Jean-Drapeau,420.73301,medium
Plage Du Parc Jules-Léger,420.72312193548385,medium
Plage Du Parc Lucien-Blanchard,420.6197980645161,medium
Plage Du Parc Moussette,420.85150903225804,medium
Plage Eau Claire,420.9087887096774,medium
Plage Haldimand,420.7934925806452,medium
Plage Jean-Doré,420.7329406451613,medium
Plage Kiwanis,421.5892983870968,medium
Plage Lac-Saint-Joseph,420.8848,medium
Plage Major,420.8793496774194,medium
Plage Maria-Goretti,420.83123096774193,medium
Plage Mckenzie,420.6464019354839,medium
Plage Michel-Jr.-Lévesque,421.0139409677419,medium
Plage Municipale - Banc De Pabos - Grande-Rivère,420.72900258064516,medium
Plage Municipale D'Entrelacs,420.879335483871,medium
Plage Municipale De Dégelis,420.8302658064516,medium
Plage Municipale De La Sablière,420.7634406451613,medium
Plage Municipale De Lebel-Sur-Quévillon,421.6197074193548,medium
Plage Municipale De Longueuil,420.74526096774196,medium
Plage Municipale De Mont-Carmel (Lac De L'Est),420.8235822580645,medium
Plage Municipale De Notre-Dame-Du-Lac,420.8458932258065,medium
Plage Municipale De Piopolis,420.5745412903226,medium
Plage Municipale De Pohénégamook,420.85538709677417,medium
Plage Municipale De Rawdon,420.84788,medium
Plage Municipale De Saint-Gabriel,420.87678903225805,medium
Plage Municipale De Saint-Herménégilde,420.5444012903226,medium
Plage Municipale De Saint-Hubert-De-Rivière-Du-Loup,420.9021332258065,medium
Plage Municipale De Saint-Ludger-De-Milot,421.277,medium
Plage Municipale De Saint-Michel-Des-Saints,420.9821783870968,medium
Plage Municipale De Saint-Prime,421.25078225806453,medium
Plage Municipale De Sainte-Marcelline-De-Kildare,420.85439838709675,medium
Plage Municipale De Sainte-Marguerite-Du-Lac-Masson,420.86499,medium
Plage Municipale De Sainte-Thècle,420.92288806451614,medium
Plage Municipale De Témiscouata-Sur-Le-Lac (Cabano),420.8660470967742,medium
Plage Municipale Du Grand Lac Nominingue,420.9933683870968,medium
Plage Municipale Du Lac Beauchamp,421.60335064516124,medium
Plage Municipale Du Lac Bromont,420.6431890322581,medium
Plage Municipale Du Lac Carré,420.9087358064516,medium
Plage Municipale Du Lac Des Sources,421.0580283870968,medium
Plage Municipale Du Lac Lyster,420.5598367741935,medium
Plage Municipale Du Lac Raymond,420.86757870967745,medium
Plage Municipale Du Lac Rond - Plage Jean-Guy-Caron,420.8546470967742,medium
Plage Municipale Rotary Du Lac Blouin,421.49242903225803,medium
Plage Municipale Saint-Adolphe-D'Howard,420.87126645161294,medium
Plage Municipale Saint-Gédéon,421.19782548387093,medium
Plage Municipale Sainte-Émélie-De-L'Énergie,420.89703806451615,medium
Plage O.T.J. Saint-Victor,420.68995032258067,medium
Plage Pierre E. Perreault,420.64224903225806,medium
Plage Publique De North Hatley,420.6019358064516,medium
Plage Sainte-Lucie,420.8821622580645,medium
Plage Tessier,420.88090193548385,medium
"Pointe-Du-Marigot, Parc",420.74214548387096,medium
Port De Plaisance,420.73019161290324,medium
"Portneuf, Parc",420.73470838709676,medium
Premières-Nations,420.7803483870968,medium
Promenade Du Saint-Maurice,420.88401774193545,medium
"Promenade René-Lévesque, Parc Linéaire",420.7436796774194,medium
"Prunelliers, Parc Des",420.7381577419355,medium
Québec International Pee-Wee Hockey Tournament,420.84819000000005,medium
"Quévillon, Parc",420.7214380645161,medium
"R-100, Parc Linéaire Du",420.7322232258065,medium
"Racine, Parc",420.7309451612903,medium
Ramada Plaza Le Manoir Du Casino,420.85566290322583,medium
"Raymond, Parc",420.7354929032258,medium
"Raymond-Brassard, Parc",420.7248583870968,medium
"Raymond-Comeau, Parc",420.7239238709678,medium
"Renne, Jardin Du",420.73975451612904,medium
"René-Veillet, Parc",420.72645677419354,medium
Richelieu Arts And Taste Trail,420.7011929032258,medium
Rivermead Golf Club,420.84987387096777,medium
Rivest,420.77563806451616,medium
"Robert-Dubois, Parc",420.7262880645161,medium
"Roberval, Parc",420.7317554838709,medium
Roc Gyms - L'Ascensation - Aventurex,420.8487983870968,medium
"Roch-Sénéchal, Parc",420.72983612903226,medium
Rochefort,420.7776451612903,medium
"Rolland, Parc",420.73112451612906,medium
"Roméo-Vachon, Parc",420.7301712903226,medium
"Rosanne-Laflamme, Parc",420.72319935483875,medium
"Rouillard, Jardin",420.7321170967742,medium
"Roussillon, Parc",420.7389725806451,medium
"Réal-Bouvier, Port De Plaisance",420.73981967741935,medium
"Régent, Parc",420.7277303225806,medium
"Rémy-De-Courcelle, Boisé",420.71536967741935,medium
Résidence Durocher,420.76418419354843,medium
Saint-Jean-Baptiste,420.7572535483871,medium
"Saint-Judes, Parc",420.7270316129032,medium
Saint-Laurent,420.77083741935485,medium
"Saint-Nazaire, Parc",420.7286680645161,medium
"Saint-Roch, Parc",420.73212903225806,medium
"Saint-Thomas-De-Villeneuve, Parc",420.72524,medium
Sanguinet,420.77695,medium
Seigneurie,420.7788877419355,medium
"Semis, Parc Des",420.73292935483875,medium
Sentier Thibaudeau-Ricard,420.8868329032258,medium
Simard,420.77202677419353,medium
"Sirois, Parc",420.724780967742,medium
Site Des Sports D'Hiver De La Pointe-Aux-Lièvres,420.84595096774194,medium
Ski De Fond Charlesbourg,420.8662093548387,medium
"Soissons, Jardin",420.7312461290323,medium
"Soldat-Simon-Longtin, Parc Du",420.73227935483874,medium
Sophie-Barat,420.75297322580644,medium
"Sorbiers, Parc Des",420.72249032258065,medium
St-Roch,420.7454158064516,medium
"St. Mark, Parc",420.7391122580645,medium
Stade Amédée-Roy,420.6205635483871,medium
Stade Percival-Molson,420.7384964516129,medium
Station Plein-Air Val-Mauricie,420.88106967741936,medium
Stationnement Aréna 2 Glaces,420.8644316129032,medium
Stationnement Aréna Bardy,420.8496796774194,medium
Stationnement Aréna Duberger,420.84856903225807,medium
Stationnement Aréna Gaétan-Duchesne,420.8492093548387,medium
Stationnement Aréna Marcel-Bédard,420.8501035483871,medium
Stationnement Aréna Patrick-Poulin,420.84606838709675,medium
Stationnement Aréna Réjean-Lemelin,420.86031129032256,medium
Stationnement Centre De Loisirs Jean-Guyon,420.859525483871,medium
Stationnement Centre De Loisirs La Cavée,420.85093451612903,medium
Stationnement Centre De Loisirs La Ribambelle,420.8568429032258,medium
Stationnement Centre De Loisirs Pie-Xii,420.8397312903226,medium
Stationnement Centre De Loisirs Provancher,420.83926129032255,medium
Stationnement Centre De Loisirs Saint-Ange,420.8460674193549,medium
Stationnement Centre De Loisirs Saint-Mathieu,420.839884516129,medium
Stationnement Centre De Loisirs Trois-Saisons,420.85355580645165,medium
Stationnement Centre De Loisirs Ulric-Turcotte,420.8537035483871,medium
Stationnement Centre Sportif Alexis-Bérubé,420.8501296774194,medium
Stationnement Centre Sportif De Sainte-Foy,420.8402561290323,medium
Stationnement Du Centre Sportif Marc-Simoneau,420.85228677419354,medium
Stationnement Parc De La Plage Jacques-Cartier,420.8372422580645,medium
Stationnement Stade Chauveau,420.85350967741937,medium
"Stephen-Olynyk, Parc",420.72626967741934,medium
"Sureaux, Parc Des",420.7385229032258,medium
Tecumseh Golf Club,420.85652451612907,medium
Terrain De Volleyball De Plage,420.89019,medium
"Terroir, Boisé Du",420.7219593548387,medium
Terry-Fox,420.78017548387095,medium
The Great Trail,420.7351887096774,medium
The Old Lennoxville Golf Club,420.6092832258065,medium
The Pioneer Trail,420.5725148387097,medium
Thifault,420.7729216129032,medium
"Thomas-Dubuc, Parc",420.7424251612903,medium
Théâtre Du Casino,420.854924516129,medium
Tomifobia Nature Trail,420.56879612903225,medium
Touraine Golf Club,420.86883064516127,medium
"Tournesol, Parc",420.7335093548387,medium
Tournoi Hockey International Bantam De Granby,420.67067096774196,medium
Tourterelle,420.7788796774194,medium
"Tourterelles, Parc Des",420.74078000000003,medium
Townships Trail,420.62099741935486,medium
Tremblant Beach And Tennis Club,420.9315967741935,medium
Tremblant Parc Plage,420.93177677419357,medium
"Ulric-Brouillard, Parc",420.72953193548386,medium
Ultra Trail Gaspésia 100,420.72523419354843,medium
Ultra-Trail Du Bout Du Monde,420.7846835483871,medium
Ultra-Trail Harricana Du Canada (Uthc),420.9574903225806,medium
Vale Perkins Municipal Beach,420.59322741935483,medium
"Viger, Parc",420.73196903225806,medium
"Vétérans, Parc Des",420.7193135483871,medium
"Watson, Parc",420.72649096774194,medium
"Wilfrid-Tremblay, Parc",420.7281193548387,medium
Zigzagzoo,420.7491887096774,medium
Zoo De Granby,420.6716958064516,medium
Zoo Falardeau,421.18719419354835,medium
Zoo Parc Safari,420.6580229032258,medium
Zoo Sauvage De Saint-Félicien,421.27706064516127,medium
Zoofest,420.7381051612903,medium
Zoom Photo Festival Saguenay,421.1407625806452,medium
unknown,420.8733416453778,medium
École De L'Amérique-Française,420.85817806451615,medium
École De La Forêt,420.8566112903226,medium
École De La Froêt,420.85660483870964,medium
École Des Bâtisseurs,420.88089,medium
École Des Cavaliers,420.85143612903227,medium
École Du Lac-Des-Fées,420.854674516129,medium
École Du Marais,420.8561809677419,medium
École Du Sacré-Coeur,420.85468322580647,medium
École Parc-De-La-Montagne,420.8568093548387,medium
École Polyvalente De L'Érablière,420.86397161290324,medium
École Polyvalente Le Carrefour,420.8579464516129,medium
École Polyvalente Nicolas-Gatineau,420.8602209677419,medium
École Primaire Des Deux-Ruisseaux,420.8570287096774,medium
École Primaire Du Plateau,420.85693806451616,medium
École Primaire Du Ruisseau,420.85790483870966,medium
École Primaire Du Sacré-Coeur,420.8546251612903,medium
École Saint-Jean-De-Bosco,420.8946622580645,medium
École Saint-Jean-De-Brébeuf,420.8539512903226,medium
École Secondaire De L'Île,420.85294258064516,medium
École Secondaire Des Chutes,420.8898194354839,medium
École Secondaire Du Rocher,420.89444725806453,medium
École Secondaire Du Versant,420.86057967741937,medium
École Secondaire Hormidas-Gamelin,420.8607964516129,medium
École Secondaire Hormisdas-Gamelin,420.8607964516129,medium
École Secondaire Mont-Bleu,420.8601622580645,medium
École Secondaire Val-Mauricie,420.88127141935485,medium
Édouard-Montpetit,420.74763096774194,medium
"Église, Parc De L'",420.74305483870967,medium
"Émiliana-Brosseau, Parc",420.71939935483874,medium
"Éperviers, Parc Des",420.740719032258,medium
Érables,420.7699190322581,medium
"Étienne-Truteau, Parc",420.7336716129032,medium
Île Bonfoin,420.7684177419355,medium
Île Cadastre 150,420.7502029032258,medium
Île Ménard,420.751674516129,medium
"Île-Charron, Parc De L'",420.74530612903226,medium
Île-Lebel,420.77189516129033,medium
Îlot De Saint-Médard-En-Jalles,420.7889912903226,medium
